seed,mirror,faction,shooter,target,targetKind,launchTime,range,flightSeconds,path,seekerSeconds,closestHull,outcome,hitShip
1,0,Red,IC-X3,BB-01,Battleship,276.996,2623.4,4.013,2783.7,0.000,0.0,Hit,BB-01
1,0,Red,IC-X5,BB-01,Battleship,276.979,3451.0,4.742,3562.2,0.000,22.0,PointDefense,
1,0,Blue,IC-22,BB-X1,Battleship,852.179,3070.3,4.683,3096.7,1.683,0.0,Hit,BB-X1
1,0,Blue,IC-21,BB-X1,Battleship,852.762,3117.8,4.700,3099.9,1.000,0.0,Hit,BB-X1
1,0,Blue,IC-25,BB-X1,Battleship,853.529,2844.7,4.033,2804.8,1.500,0.0,Hit,BB-X1
1,0,Blue,IC-23,BB-X1,Battleship,856.612,3008.0,4.542,3000.6,1.500,0.0,Hit,BB-X1
1,0,Blue,IC-24,BB-X1,Battleship,857.046,3295.9,4.846,3182.7,1.846,0.0,Hit,BB-X1
1,0,Blue,IC-25,BB-X1,Battleship,889.162,4989.9,4.188,4823.2,2.188,0.0,Hit,BB-X1
1,0,Blue,IC-21,BB-X1,Battleship,891.362,4990.1,4.250,4926.5,2.250,0.0,Hit,BB-X1
1,0,Blue,IC-23,BB-X1,Battleship,892.129,4989.3,4.154,4872.4,2.154,0.0,Hit,BB-X1
1,0,Blue,IC-24,BB-X1,Battleship,895.929,4990.7,4.104,4792.1,2.104,0.0,Hit,BB-X1
1,0,Blue,IC-22,BB-X1,Battleship,900.112,4989.5,4.125,4724.1,2.125,0.0,Hit,BB-X1
1,1,Red,IC-X2,BB-01,Battleship,278.563,2908.9,7.004,6150.2,0.000,47.6,Expired,
2,0,Red,IC-X3,BB-01,Battleship,277.646,3593.2,7.004,7734.7,0.000,38.6,Expired,
2,0,Red,IC-X5,BB-01,Battleship,277.713,2785.8,7.004,6572.4,0.000,39.6,Expired,
2,0,Red,IC-X4,BB-01,Battleship,278.363,3447.0,7.004,7229.1,0.000,9.2,Expired,
2,0,Blue,IC-23,DD-X6,Escort,974.746,4839.4,2.225,1502.1,0.000,3430.8,PointDefense,
2,0,Blue,IC-22,DD-X6,Escort,978.996,4310.9,6.162,6320.8,0.500,53.8,PointDefense,
2,0,Blue,IC-24,DD-X4,Escort,1071.796,2238.7,2.025,1125.6,0.500,745.9,PointDefense,
2,1,Red,IC-X5,BB-01,Battleship,277.546,3734.8,4.113,3938.5,0.000,0.0,Hit,BB-01
2,1,Red,IC-X4,BB-01,Battleship,277.929,4288.5,3.913,4377.5,0.000,0.0,Hit,BB-01
2,1,Red,IC-X3,BB-01,Battleship,276.546,3282.6,7.004,6236.8,0.000,44.6,Expired,
2,1,Blue,IC-22,BB-X1,Battleship,853.913,4820.9,6.329,4084.8,2.329,0.0,Hit,BB-X1
2,1,Blue,IC-25,BB-X1,Battleship,885.246,4982.1,4.188,4363.2,2.188,0.0,Hit,BB-X1
2,1,Blue,IC-23,BB-X1,Battleship,885.496,4978.8,4.150,4286.1,2.150,0.0,Hit,BB-X1
2,1,Blue,IC-24,BB-X1,Battleship,886.879,4991.0,4.067,4352.3,2.067,0.0,Hit,BB-X1
2,1,Blue,IC-25,BB-X1,Battleship,893.746,3244.0,3.321,2865.4,2.821,0.0,Hit,BB-X1
2,1,Blue,IC-23,BB-X1,Battleship,893.996,3258.7,3.329,2869.4,2.829,0.0,Hit,BB-X1
2,1,Blue,IC-24,BB-X1,Battleship,895.379,3029.3,3.142,2711.2,2.642,0.0,Hit,BB-X1
2,1,Blue,IC-21,BB-X1,Battleship,899.179,4990.1,4.092,4437.6,2.092,0.0,Hit,BB-X1
2,1,Blue,IC-21,BB-X1,Battleship,907.679,3380.9,3.363,2991.0,2.863,0.0,Hit,BB-X1
2,1,Blue,IC-22,BB-X1,Battleship,934.246,4973.7,4.038,4299.4,2.037,0.0,Hit,BB-X1
3,0,Red,IC-X3,BB-01,Battleship,283.812,2554.2,2.742,1507.1,0.000,957.5,PointDefense,
3,0,Red,IC-X1,BB-01,Battleship,283.512,2332.7,3.454,2348.0,0.000,0.0,Hit,BB-01
3,1,Red,IC-X5,BB-01,Battleship,283.946,2176.2,3.421,2370.4,0.000,0.0,Hit,BB-01
3,1,Red,IC-X1,BB-01,Battleship,281.179,2615.1,7.004,5633.1,0.000,29.9,Expired,
4,0,Red,IC-X5,BB-01,Battleship,339.962,2997.7,4.433,2217.8,0.000,851.2,Drone,
4,1,Blue,IC-24,BB-X1,Battleship,1166.079,2372.4,2.788,2091.9,2.288,0.0,Hit,BB-X1
4,1,Blue,IC-25,BB-X1,Battleship,1169.496,2513.5,3.208,2051.6,2.708,0.0,Hit,BB-X1
4,1,Blue,IC-24,BB-X1,Battleship,1238.912,4992.2,4.146,4479.9,2.146,0.0,Hit,BB-X1
4,1,Blue,IC-22,BB-X1,Battleship,1350.996,2396.6,2.513,1895.6,2.012,0.0,Hit,BB-X1
4,1,Blue,IC-23,BB-X1,Battleship,1360.496,3250.4,3.058,2983.7,2.558,0.0,Hit,BB-X1
4,1,Blue,IC-22,BB-X1,Battleship,1391.396,3515.7,4.208,3095.8,3.708,0.0,Hit,BB-X1
4,1,Blue,IC-25,BB-X1,Battleship,1408.496,4507.8,5.158,3804.5,2.658,0.0,Hit,BB-X1
4,1,Blue,IC-21,BB-X1,Battleship,1439.129,2274.8,3.167,2313.2,2.667,0.0,Hit,BB-X1
5,0,Red,IC-X3,BB-01,Battleship,276.796,3802.8,4.117,3882.2,0.000,0.0,Hit,BB-01
5,1,Red,IC-X3,BB-01,Battleship,277.879,2781.7,7.004,5741.3,0.000,42.5,Expired,
5,1,Red,IC-X4,BB-01,Battleship,278.463,3194.9,7.004,6234.5,0.000,30.6,Expired,
5,1,Blue,IC-23,DD-X3,Escort,922.329,2777.7,2.813,1301.3,0.313,805.7,PointDefense,
5,1,Blue,IC-23,DD-X3,Escort,930.829,3811.4,7.004,6113.7,0.500,42.3,Expired,
