seed,mirror,faction,callsign,kind,destroyed,disabled,operational,shieldFraction,moduleHealthFraction,propulsionFraction,weaponsFraction,rails,railHits,railRoundsRemaining,missiles,missileHits,missilesRemaining,torpedoes,torpedoHits,torpedoesRemaining,amFailures,amJettisons,shieldDamageReceived,moduleDamageReceived,modulesDestroyedInflicted,heatFraction,design,hullId,shieldDamageInflicted,moduleDamageInflicted,firstDisabled,firstDestroyed,survivalSeconds,railRangeSum,railRangeSamples,missilesIntercepted,torpedoesIntercepted
1,0,Blue,BB-01,Battleship,0,1,0,0.000,0.414,0.000,0.000,244,218,236,16,10,0,0,0,0,0,0,1887.593,1714.989,8,0.000,Mars,mars_battleship,3936.121,1220.555,951.302,,951.302,26334642.775,244,1,0
1,0,Blue,DD-11,Escort,0,0,1,1.000,1.000,1.000,1.000,252,230,388,16,5,0,0,0,0,0,0,0.000,0.000,7,0.000,Mars,mars_escort,39.319,819.972,,,1500.000,11389843.882,252,0,0
1,0,Blue,DD-12,Escort,0,0,1,1.000,1.000,1.000,1.000,28,17,612,16,6,0,0,0,0,0,0,0.000,0.000,1,0.000,Mars,mars_escort,246.354,181.957,,,1500.000,1349003.131,28,0,0
1,0,Blue,DD-31,Escort,0,0,1,1.000,1.000,1.000,1.000,288,257,352,16,6,0,0,0,0,0,0,0.000,0.000,16,0.000,Mars,mars_escort,1807.514,1548.281,,,1500.000,12840859.276,288,0,0
1,0,Blue,DD-32,Escort,0,0,1,1.000,1.000,1.000,1.000,28,23,612,16,5,0,0,0,0,0,0,0.000,0.000,4,0.000,Mars,mars_escort,400.000,365.323,,,1500.000,1356797.359,28,0,0
1,0,Blue,DD-33,Escort,0,0,1,1.000,1.000,1.000,1.000,264,225,376,16,5,0,0,0,0,0,0,0.000,0.000,8,0.000,Mars,mars_escort,2709.413,995.516,,,1500.000,11734780.637,264,0,0
1,0,Blue,DD-34,Escort,0,0,1,1.000,1.000,1.000,1.000,22,19,618,16,6,0,0,0,0,0,0,0.000,0.000,8,0.000,Mars,mars_escort,1387.445,956.791,,,1500.000,1076565.192,22,0,0
1,0,Blue,IC-21,Interceptor,0,0,1,0.000,0.482,0.000,1.000,49,49,151,4,4,0,1,0,0,0,1,119.029,358.069,3,1.250,Mars,mars_interceptor,293.333,338.371,,,1500.000,444346.863,49,0,0
1,0,Blue,IC-22,Interceptor,1,0,0,0.000,0.000,0.000,0.000,8,8,192,2,2,2,0,0,0,1,0,84.377,122.000,0,0.000,Mars,mars_interceptor,600.000,35.816,,267.486,267.486,107469.653,8,0,0
1,0,Blue,IC-23,Interceptor,1,0,0,0.000,0.000,0.000,0.000,8,8,192,4,4,0,1,0,0,1,0,82.020,122.000,0,0.000,Mars,mars_interceptor,0.000,89.925,,283.642,283.642,84670.834,8,0,0
1,0,Blue,IC-24,Interceptor,0,1,0,0.000,0.729,0.000,0.000,21,10,179,4,4,0,0,0,0,0,1,89.739,187.600,0,0.000,Mars,mars_interceptor,970.417,35.470,289.238,,289.238,164966.452,21,0,0
1,0,Blue,IC-25,Interceptor,1,0,0,0.000,0.000,0.000,0.000,48,45,152,4,3,0,1,0,0,1,0,132.863,122.000,1,0.009,Mars,mars_interceptor,0.000,220.418,,321.133,321.133,450001.718,48,0,0
1,0,Red,BB-X1,Battleship,0,0,1,0.000,0.556,0.000,0.333,0,0,720,22,9,2,0,0,0,0,0,5309.871,1940.555,3,1.250,Earth,battleship,0.000,181.454,,,1500.000,0.000,0,0,0
1,0,Red,DD-X1,Escort,0,0,1,1.000,1.000,1.000,1.000,42,4,598,16,8,0,0,0,0,0,0,250.000,0.000,17,0.000,Earth,escort,138.320,144.506,,,1500.000,328652.720,42,0,0
1,0,Red,DD-X2,Escort,0,0,1,1.000,1.000,1.000,1.000,36,1,604,16,8,0,0,0,0,0,0,0.000,0.000,4,0.000,Earth,escort,27.283,211.061,,,1500.000,293941.559,36,1,0
1,0,Red,DD-X3,Escort,0,0,1,0.000,0.469,0.000,0.000,56,0,584,16,5,0,0,0,0,0,0,1210.416,987.375,1,0.000,Earth,escort,0.591,38.921,,,1500.000,629147.460,56,0,0
1,0,Red,DD-X4,Escort,0,1,0,0.000,0.293,0.000,0.000,52,2,588,16,5,0,0,0,0,0,0,998.509,1314.391,2,0.000,Earth,escort,103.200,114.800,718.803,,718.803,470808.116,52,0,0
1,0,Red,DD-X5,Escort,0,1,0,0.000,0.229,0.000,0.000,56,0,584,16,6,0,0,0,0,0,0,3096.595,1433.421,17,0.000,Earth,escort,520.440,177.834,1059.683,,1059.683,642838.861,56,1,0
1,0,Red,DD-X6,Escort,0,0,1,0.171,0.391,0.500,0.000,56,2,584,16,3,0,0,0,0,0,0,1684.524,1132.653,0,0.850,Earth,escort,129.601,21.226,,,1500.000,438482.054,56,0,0
1,0,Red,IC-X1,Interceptor,0,0,1,1.000,1.000,1.000,1.000,200,163,0,4,0,0,2,2,0,0,0,120.000,0.000,15,0.000,Earth,interceptor,661.363,377.404,,,1500.000,1142474.200,200,0,0
1,0,Red,IC-X2,Interceptor,0,0,1,1.000,1.000,1.000,1.000,200,161,0,4,0,0,2,2,0,0,0,0.000,0.000,1,0.000,Earth,interceptor,376.000,162.879,,,1500.000,1283303.317,200,0,0
1,0,Red,IC-X3,Interceptor,0,0,1,1.000,1.000,1.000,1.000,200,164,0,4,0,0,2,2,0,0,0,0.000,0.000,5,0.000,Earth,interceptor,743.227,564.053,,,1500.000,1313371.084,200,0,0
1,0,Red,IC-X4,Interceptor,0,0,1,1.000,1.000,1.000,1.000,200,161,0,4,0,0,2,2,0,0,0,120.000,0.000,1,0.000,Earth,interceptor,56.731,250.162,,,1500.000,1190882.213,200,0,0
1,0,Red,IC-X5,Interceptor,0,0,1,1.000,1.000,1.000,1.000,200,161,0,4,0,0,2,2,0,0,0,0.000,0.000,3,0.000,Earth,interceptor,38.865,382.358,,,1500.000,1137104.011,200,0,0
1,1,Blue,BB-01,Battleship,0,0,1,1.000,1.000,1.000,1.000,480,462,0,16,8,0,0,0,0,0,0,1632.000,0.000,8,0.000,Mars,mars_battleship,15197.569,1836.526,,,1500.000,48769445.291,480,0,0
1,1,Blue,DD-11,Escort,0,0,1,1.000,1.000,1.000,1.000,0,0,640,16,4,0,0,0,0,0,0,0.000,0.000,0,0.000,Mars,mars_escort,0.000,0.000,,,1500.000,0.000,0,0,0
1,1,Blue,DD-12,Escort,0,0,1,1.000,1.000,1.000,1.000,0,0,640,16,4,0,0,0,0,0,0,0.000,0.000,0,0.000,Mars,mars_escort,0.000,0.000,,,1500.000,0.000,0,0,0
1,1,Blue,DD-31,Escort,0,0,1,1.000,1.000,1.000,1.000,0,0,640,16,5,0,0,0,0,0,0,0.000,0.000,0,0.000,Mars,mars_escort,400.000,0.000,,,1500.000,0.000,0,0,0
1,1,Blue,DD-32,Escort,0,0,1,1.000,1.000,1.000,1.000,0,0,640,16,4,0,0,0,0,0,0,0.000,0.000,0,0.000,Mars,mars_escort,0.000,0.000,,,1500.000,0.000,0,0,0
1,1,Blue,DD-33,Escort,0,0,1,1.000,1.000,1.000,1.000,0,0,640,16,5,0,0,0,0,0,0,0.000,0.000,1,0.000,Mars,mars_escort,0.000,80.000,,,1500.000,0.000,0,0,0
1,1,Blue,DD-34,Escort,0,0,1,1.000,1.000,1.000,1.000,0,0,640,16,5,0,0,0,0,0,0,0.000,0.000,0,0.000,Mars,mars_escort,412.235,0.000,,,1500.000,0.000,0,0,0
1,1,Blue,IC-21,Interceptor,0,1,0,0.000,0.646,0.000,0.000,8,8,192,3,1,1,0,0,0,0,1,90.369,245.000,0,0.000,Mars,mars_interceptor,506.248,0.000,270.399,,270.399,97385.065,8,0,0
1,1,Blue,IC-22,Interceptor,1,0,0,0.000,0.000,0.000,0.000,13,13,187,2,2,2,1,0,0,1,0,91.406,193.666,2,0.000,Mars,mars_interceptor,41.250,114.916,,284.513,284.513,111696.563,13,0,0
1,1,Blue,IC-23,Interceptor,1,0,0,0.000,0.000,0.000,0.000,14,14,186,2,2,2,1,0,0,1,0,86.499,120.808,0,0.000,Mars,mars_interceptor,0.000,143.083,,282.279,282.279,119274.330,14,0,0
1,1,Blue,IC-24,Interceptor,1,0,0,0.000,0.000,0.000,0.000,21,20,179,4,4,0,1,0,0,1,0,120.904,122.000,1,0.000,Mars,mars_interceptor,0.000,251.960,,299.208,299.208,226395.915,21,0,0
1,1,Blue,IC-25,Interceptor,0,1,0,0.000,0.350,0.000,0.000,18,18,182,3,1,1,0,0,0,0,1,87.078,450.000,0,0.000,Mars,mars_interceptor,54.583,44.886,284.571,,284.571,119960.682,18,0,0
1,1,Red,BB-X1,Battleship,0,0,1,0.500,0.453,0.000,0.505,0,0,720,24,15,0,0,0,0,0,0,15691.892,2391.372,17,0.000,Earth,battleship,1673.600,230.566,,,1500.000,0.000,0,0,0
1,1,Red,DD-X1,Escort,0,0,1,1.000,1.000,1.000,1.000,24,0,616,16,11,0,0,0,0,0,0,0.000,0.000,3,0.000,Earth,escort,91.007,138.207,,,1500.000,187466.547,24,1,1
1,1,Red,DD-X2,Escort,0,0,1,0.500,0.957,0.500,0.500,20,1,620,16,10,0,0,0,0,0,0,400.000,80.000,17,0.000,Earth,escort,167.403,202.808,,,1500.000,171424.196,20,2,0
1,1,Red,DD-X3,Escort,0,0,1,1.000,1.000,1.000,1.000,36,0,604,16,9,0,0,0,0,0,0,0.000,0.000,0,0.000,Earth,escort,0.000,0.000,,,1500.000,450538.549,36,0,0
1,1,Red,DD-X4,Escort,0,0,1,1.000,1.000,1.000,1.000,38,0,602,16,9,0,0,0,0,0,0,0.000,0.000,15,0.000,Earth,escort,0.000,57.114,,,1500.000,358500.001,38,0,0
1,1,Red,DD-X5,Escort,0,0,1,1.000,1.000,1.000,1.000,38,0,602,16,10,0,0,0,0,0,0,400.000,0.000,1,0.000,Earth,escort,81.600,82.000,,,1500.000,544943.048,38,0,0
1,1,Red,DD-X6,Escort,0,0,1,1.000,1.000,1.000,1.000,50,4,590,16,9,0,0,0,0,0,0,0.000,0.000,0,0.000,Earth,escort,0.000,0.000,,,1500.000,464052.694,50,0,0
1,1,Red,IC-X1,Interceptor,0,0,1,1.000,1.000,1.000,1.000,200,180,0,4,2,0,0,0,2,0,0,0.000,0.000,1,0.000,Earth,interceptor,0.000,45.100,,,1500.000,893405.918,200,0,0
1,1,Red,IC-X2,Interceptor,0,0,1,1.000,1.000,1.000,1.000,200,183,0,4,3,0,0,0,2,0,0,120.000,0.000,4,0.000,Earth,interceptor,13.046,151.932,,,1500.000,919659.064,200,0,0
1,1,Red,IC-X3,Interceptor,0,0,1,1.000,1.000,1.000,1.000,200,180,0,4,3,0,0,0,2,0,0,0.000,0.000,0,0.000,Earth,interceptor,81.600,57.168,,,1500.000,877882.154,200,0,0
1,1,Red,IC-X4,Interceptor,0,0,1,1.000,1.000,1.000,1.000,200,181,0,4,2,0,0,0,2,0,0,0.000,0.000,1,0.000,Earth,interceptor,0.000,41.000,,,1500.000,1016450.036,200,0,0
1,1,Red,IC-X5,Interceptor,0,0,1,1.000,1.000,1.000,1.000,200,181,0,4,2,0,0,0,2,0,0,0.000,0.000,5,0.000,Earth,interceptor,0.000,125.579,,,1500.000,858890.844,200,0,0
2,0,Blue,BB-01,Battleship,0,0,1,1.000,1.000,1.000,1.000,242,153,238,16,10,0,0,0,0,0,0,0.000,0.000,10,0.024,Mars,mars_battleship,4971.870,2031.480,,,1500.000,25921042.563,242,0,0
2,0,Blue,DD-11,Escort,0,0,1,1.000,1.000,1.000,1.000,0,0,640,16,15,0,0,0,0,0,0,0.000,0.000,0,0.000,Mars,mars_escort,0.000,35.488,,,1500.000,0.000,0,0,0
2,0,Blue,DD-12,Escort,0,0,1,1.000,1.000,1.000,1.000,0,0,640,16,15,0,0,0,0,0,0,0.000,0.000,0,0.000,Mars,mars_escort,0.000,0.000,,,1500.000,0.000,0,0,0
2,0,Blue,DD-31,Escort,0,0,1,1.000,1.000,1.000,1.000,0,0,640,16,16,0,0,0,0,0,0,0.000,0.000,0,0.000,Mars,mars_escort,0.000,41.624,,,1500.000,0.000,0,0,0
2,0,Blue,DD-32,Escort,0,0,1,1.000,1.000,1.000,1.000,0,0,640,16,15,0,0,0,0,0,0,0.000,0.000,0,0.000,Mars,mars_escort,0.000,0.000,,,1500.000,0.000,0,0,0
2,0,Blue,DD-33,Escort,0,0,1,1.000,1.000,1.000,1.000,0,0,640,16,15,0,0,0,0,0,0,0.000,0.000,0,0.000,Mars,mars_escort,0.000,26.980,,,1500.000,0.000,0,0,0
2,0,Blue,DD-34,Escort,0,0,1,1.000,1.000,1.000,1.000,0,0,640,16,14,0,0,0,0,0,0,0.000,0.000,0,0.000,Mars,mars_escort,0.000,4.523,,,1500.000,0.000,0,0,0
2,0,Blue,IC-21,Interceptor,1,0,0,0.000,0.000,0.000,0.000,2,2,198,2,2,2,0,0,0,1,0,83.210,169.030,0,0.000,Mars,mars_interceptor,0.000,0.000,,270.872,270.872,26844.027,2,0,0
2,0,Blue,IC-22,Interceptor,1,0,0,0.000,0.000,0.000,0.000,3,3,197,2,1,2,0,0,0,1,0,81.600,122.000,0,0.000,Mars,mars_interceptor,12.917,0.000,,264.050,264.050,47793.717,3,0,0
2,0,Blue,IC-23,Interceptor,1,0,0,0.000,0.000,0.000,0.000,8,6,192,4,4,0,0,0,0,1,0,152.107,238.751,0,0.006,Mars,mars_interceptor,362.029,24.710,,306.058,306.058,88940.180,8,0,0
2,0,Blue,IC-24,Interceptor,1,0,0,0.000,0.000,0.000,0.000,15,15,185,2,2,2,0,0,0,1,0,81.600,40.000,1,0.000,Mars,mars_interceptor,82.083,259.664,,290.425,290.425,137513.728,15,0,0
2,0,Blue,IC-25,Interceptor,1,0,0,0.000,0.000,0.000,0.000,1,1,199,2,2,2,0,0,0,1,0,81.600,54.567,0,0.000,Mars,mars_interceptor,0.000,0.000,,278.092,278.092,11760.995,1,0,0
2,0,Red,BB-X1,Battleship,0,0,1,0.000,0.445,0.466,0.000,0,0,720,12,2,12,0,0,0,0,0,5428.898,2424.470,0,0.000,Earth,battleship,0.000,26.173,,,1500.000,0.000,0,2,0
2,0,Red,DD-X1,Escort,0,0,1,1.000,1.000,1.000,1.000,20,4,620,8,2,8,0,0,0,0,0,0.000,0.000,0,0.000,Earth,escort,66.330,20.877,,,1500.000,197771.745,20,0,0
2,0,Red,DD-X2,Escort,0,0,1,1.000,1.000,1.000,1.000,24,4,616,8,2,8,0,0,0,0,0,0.000,0.000,15,0.000,Earth,escort,0.000,40.000,,,1500.000,246466.445,24,0,0
2,0,Red,DD-X3,Escort,0,0,1,1.000,1.000,1.000,1.000,52,0,588,8,2,8,0,0,0,0,0,0.000,0.000,0,0.000,Earth,escort,0.000,0.000,,,1500.000,691815.945,52,0,0
2,0,Red,DD-X4,Escort,0,0,1,1.000,1.000,1.000,1.000,46,0,594,8,2,8,0,0,0,0,0,0.000,0.000,1,0.000,Earth,escort,41.600,38.135,,,1500.000,553026.493,46,0,0
2,0,Red,DD-X5,Escort,0,0,1,1.000,1.000,1.000,1.000,52,0,588,8,3,8,0,0,0,0,0,0.000,0.000,45,0.000,Earth,escort,81.600,119.931,,,1500.000,792587.273,52,0,0
2,0,Red,DD-X6,Escort,0,0,1,1.000,1.000,1.000,1.000,44,0,596,8,1,8,0,0,0,0,0,0.000,0.000,1,0.000,Earth,escort,40.000,36.482,,,1500.000,525791.766,44,0,0
2,0,Red,IC-X1,Interceptor,0,0,1,1.000,1.000,1.000,1.000,30,3,170,4,0,0,0,0,2,0,0,0.000,0.000,16,0.000,Earth,interceptor,1.610,122.000,,,1500.000,295801.353,30,0,0
2,0,Red,IC-X2,Interceptor,0,0,1,1.000,1.000,1.000,1.000,30,3,170,4,1,0,0,0,2,0,0,0.000,0.000,1,0.000,Earth,interceptor,85.777,81.131,,,1500.000,302394.023,30,0,0
2,0,Red,IC-X3,Interceptor,0,0,1,1.000,1.000,1.000,1.000,30,3,170,4,2,0,0,0,2,0,0,0.000,0.000,1,0.000,Earth,interceptor,0.000,89.441,,,1500.000,324693.783,30,0,0
2,0,Red,IC-X4,Interceptor,0,0,1,1.000,1.000,1.000,1.000,30,2,170,4,0,0,0,0,2,0,0,0.000,0.000,0,0.000,Earth,interceptor,81.600,10.588,,,1500.000,315773.006,30,0,0
2,0,Red,IC-X5,Interceptor,0,0,1,1.000,1.000,1.000,1.000,30,3,170,4,2,0,0,0,2,0,0,0.000,0.000,0,0.000,Earth,interceptor,81.600,39.588,,,1500.000,357888.104,30,0,0
2,1,Blue,BB-01,Battleship,0,1,0,0.000,0.761,0.000,0.000,404,330,76,16,8,0,0,0,0,0,0,2094.405,700.241,8,0.000,Mars,mars_battleship,15411.099,1688.842,848.366,,848.366,42012966.147,404,0,0
2,1,Blue,DD-11,Escort,0,0,1,1.000,1.000,1.000,1.000,4,0,636,16,7,0,0,0,0,0,0,0.000,0.000,0,0.000,Mars,mars_escort,20.833,1.747,,,967.333,234359.116,4,0,0
2,1,Blue,DD-12,Escort,0,0,1,0.000,0.841,0.000,1.000,78,57,562,16,8,0,0,0,0,0,0,286.200,225.168,11,0.064,Mars,mars_escort,1420.000,1033.936,,,967.333,3291956.395,78,0,0
2,1,Blue,DD-31,Escort,0,0,1,1.000,1.000,1.000,1.000,24,20,616,16,4,0,0,0,0,0,0,0.000,0.000,5,0.000,Mars,mars_escort,601.103,747.288,,,967.333,1238396.937,24,0,0
2,1,Blue,DD-32,Escort,0,1,0,0.000,0.273,0.000,0.000,38,15,602,16,4,0,0,0,0,0,0,344.392,1033.200,9,0.000,Mars,mars_escort,1408.609,1063.203,967.324,,967.324,1797327.135,38,0,0
2,1,Blue,DD-33,Escort,0,0,1,1.000,1.000,1.000,1.000,6,5,634,16,5,0,0,0,0,0,0,0.000,0.000,5,0.000,Mars,mars_escort,0.000,488.285,,,967.333,316944.186,6,0,0
2,1,Blue,DD-34,Escort,0,0,1,0.950,0.896,0.096,1.000,36,19,604,16,5,0,0,0,0,0,0,272.000,148.278,7,0.000,Mars,mars_escort,349.798,834.944,,,967.333,1616847.660,36,0,0
2,1,Blue,IC-21,Interceptor,1,0,0,0.000,0.000,0.000,0.000,16,16,184,4,2,0,0,0,0,1,0,115.132,122.000,0,0.000,Mars,mars_interceptor,227.500,21.390,,302.646,302.646,123577.437,16,0,0
2,1,Blue,IC-22,Interceptor,1,0,0,0.000,0.000,0.000,0.000,6,6,194,2,2,2,0,0,0,1,0,85.007,154.474,0,0.000,Mars,mars_interceptor,211.664,18.509,,269.327,269.327,86338.963,6,0,0
2,1,Blue,IC-23,Interceptor,1,0,0,0.000,0.000,0.000,0.000,8,8,192,2,2,2,0,0,0,1,0,81.600,42.610,1,0.009,Mars,mars_interceptor,200.000,33.168,,270.783,270.783,98265.137,8,0,0
2,1,Blue,IC-24,Interceptor,1,0,0,0.000,0.000,0.000,0.000,11,11,189,2,2,2,1,0,0,1,0,81.600,40.066,1,0.000,Mars,mars_interceptor,0.000,286.933,,283.608,283.608,101210.135,11,0,0
2,1,Blue,IC-25,Interceptor,1,0,0,0.000,0.000,0.000,0.000,11,11,189,2,2,2,1,1,0,0,0,114.126,82.000,1,0.000,Mars,mars_interceptor,0.000,180.000,,287.963,287.963,102810.613,11,0,0
2,1,Red,BB-X1,Battleship,0,0,1,0.970,0.484,0.250,0.000,0,0,720,24,10,0,0,0,0,0,0,15671.097,2254.307,1,0.000,Earth,battleship,33.903,417.942,,,967.333,0.000,0,0,0
2,1,Red,DD-X1,Escort,0,0,1,1.000,0.946,0.500,1.000,16,2,624,16,7,0,0,0,0,0,0,400.000,100.000,15,0.000,Earth,escort,151.759,96.014,,,967.333,115745.829,16,1,0
2,1,Red,DD-X2,Escort,0,0,1,1.000,1.000,1.000,1.000,14,4,626,16,7,0,0,0,0,0,0,0.000,0.000,1,0.000,Earth,escort,904.536,109.965,,,967.333,102176.573,14,2,1
2,1,Red,DD-X3,Escort,0,1,0,0.000,0.404,0.000,0.000,32,0,608,16,3,0,0,0,0,0,0,601.103,1107.748,0,0.000,Earth,escort,316.000,2.816,770.302,,770.302,380668.350,32,0,0
2,1,Red,DD-X4,Escort,0,0,1,0.500,0.682,0.500,0.458,44,8,596,16,3,0,0,0,0,0,0,720.693,590.838,27,0.038,Earth,escort,376.918,1115.200,,,967.333,632520.602,44,0,0
2,1,Red,DD-X5,Escort,0,1,0,0.000,0.316,0.000,0.000,44,8,596,16,4,0,0,0,0,0,0,489.105,1272.028,18,0.000,Earth,escort,884.939,229.396,878.839,,878.839,807590.642,44,0,0
2,1,Red,DD-X6,Escort,0,1,0,0.000,0.429,0.000,0.000,38,1,602,16,4,0,0,0,0,0,0,1628.609,1061.413,1,0.000,Earth,escort,81.600,88.175,879.275,,879.275,301288.386,38,0,0
2,1,Red,IC-X1,Interceptor,0,0,1,1.000,1.000,1.000,1.000,34,8,166,4,0,0,0,0,2,0,0,0.000,0.000,1,0.005,Earth,interceptor,272.000,16.035,,,967.333,194909.348,34,0,0
2,1,Red,IC-X2,Interceptor,0,0,1,0.000,0.986,1.000,0.820,36,11,164,4,0,0,0,0,2,0,0,120.000,11.490,1,0.000,Earth,interceptor,367.800,218.378,,,967.333,208680.802,36,0,0
2,1,Red,IC-X3,Interceptor,0,0,1,1.000,1.000,1.000,1.000,30,8,170,4,0,0,0,0,2,0,0,0.000,0.000,16,0.000,Earth,interceptor,0.000,7.790,,,967.333,215652.741,30,0,0
2,1,Red,IC-X4,Interceptor,0,0,1,0.167,1.000,1.000,1.000,33,7,167,4,0,0,0,0,2,0,0,100.000,0.000,16,0.000,Earth,interceptor,3.407,116.686,,,967.333,214842.191,33,0,0
2,1,Red,IC-X5,Interceptor,0,0,1,0.074,0.999,1.000,1.000,30,8,170,4,0,0,0,0,2,0,0,120.000,0.422,2,0.000,Earth,interceptor,81.600,129.641,,,967.333,189452.050,30,0,0
3,0,Blue,BB-01,Battleship,0,0,1,0.083,0.443,0.000,0.615,480,395,0,16,12,0,0,0,0,0,0,2874.820,1630.731,11,1.250,Mars,mars_battleship,19274.266,2368.503,,,1500.000,48762552.087,480,1,1
3,0,Blue,DD-11,Escort,0,0,1,1.000,0.864,0.000,1.000,352,304,288,16,6,0,0,0,0,0,0,357.928,193.520,13,0.000,Mars,mars_escort,2454.198,1383.951,,,1500.000,12151687.352,352,0,0
3,0,Blue,DD-12,Escort,0,0,1,1.000,1.000,1.000,1.000,62,45,578,16,6,0,0,0,0,0,0,0.000,0.000,3,0.000,Mars,mars_escort,849.550,445.297,,,1500.000,2976448.849,62,0,0
3,0,Blue,DD-31,Escort,0,1,0,0.000,0.543,0.000,0.000,66,43,574,16,6,0,0,0,0,0,0,349.103,648.924,0,0.397,Mars,mars_escort,585.271,72.420,989.791,,989.791,2729783.534,66,0,0
3,0,Blue,DD-32,Escort,0,0,1,1.000,1.000,1.000,1.000,66,51,574,16,6,0,0,0,0,0,0,0.000,0.000,4,0.000,Mars,mars_escort,1000.000,360.713,,,1500.000,3232535.978,66,0,0
3,0,Blue,DD-33,Escort,0,1,0,0.000,0.488,0.000,0.000,68,49,572,16,6,0,0,0,0,0,0,611.548,726.520,5,0.078,Mars,mars_escort,1286.972,466.663,976.748,,976.748,2752599.965,68,0,0
3,0,Blue,DD-34,Escort,0,0,1,1.000,1.000,1.000,1.000,76,64,564,16,6,0,0,0,0,0,0,0.000,0.000,4,0.000,Mars,mars_escort,511.123,405.367,,,1500.000,3692162.497,76,0,0
3,0,Blue,IC-21,Interceptor,0,1,0,0.000,0.646,0.000,0.000,17,9,183,4,2,0,0,0,0,0,1,114.098,245.000,0,0.005,Mars,mars_interceptor,520.000,44.700,291.829,,291.829,145635.517,17,0,0
3,0,Blue,IC-22,Interceptor,0,1,0,0.000,0.478,0.000,0.000,9,9,191,4,1,0,0,0,0,0,1,90.780,360.951,16,0.000,Mars,mars_interceptor,856.250,123.039,278.386,,278.386,109898.879,9,0,0
3,0,Blue,IC-23,Interceptor,1,0,0,0.000,0.000,0.000,0.000,34,27,166,4,2,0,1,0,0,1,0,143.311,72.800,1,0.000,Mars,mars_interceptor,284.166,189.025,,314.383,314.383,260735.680,34,0,0
3,0,Blue,IC-24,Interceptor,1,0,0,0.000,0.000,0.000,0.000,14,14,186,2,0,2,0,0,0,1,0,81.600,154.800,0,0.000,Mars,mars_interceptor,200.000,48.027,,281.613,281.613,114738.608,14,0,0
3,0,Blue,IC-25,Interceptor,0,1,0,0.000,0.729,0.000,0.000,25,18,175,4,2,0,1,1,0,0,1,125.162,187.600,2,0.000,Mars,mars_interceptor,426.979,341.856,327.067,,327.067,184395.627,25,0,0
3,0,Red,BB-X1,Battleship,0,0,1,1.000,0.335,0.000,0.000,0,0,720,11,6,13,0,0,0,0,0,19070.316,2904.506,5,0.850,Earth,battleship,0.000,154.757,,,1500.000,0.000,0,1,0
3,0,Red,DD-X1,Escort,0,0,1,1.000,1.000,1.000,1.000,28,1,612,16,6,0,0,0,0,0,0,0.000,0.000,1,0.000,Earth,escort,105.716,62.648,,,1500.000,236440.554,28,0,0
3,0,Red,DD-X2,Escort,0,0,1,1.000,1.000,1.000,1.000,28,1,612,16,8,0,0,0,0,0,0,0.000,0.000,16,0.000,Earth,escort,639.696,154.800,,,1500.000,202481.370,28,0,0
3,0,Red,DD-X3,Escort,0,1,0,0.000,0.514,0.000,0.000,48,0,592,16,8,0,0,0,0,0,0,826.979,904.147,1,0.000,Earth,escort,166.312,162.929,810.702,,810.702,430886.064,48,0,0
3,0,Red,DD-X4,Escort,0,0,1,0.500,0.533,0.000,0.000,48,0,592,16,5,0,0,0,0,0,0,1348.322,867.882,2,0.000,Earth,escort,0.000,65.600,,,1500.000,341199.700,48,0,0
3,0,Red,DD-X5,Escort,0,0,1,1.000,0.946,1.000,1.000,76,34,564,16,7,0,0,0,0,0,0,400.000,100.000,27,0.000,Earth,escort,731.085,1187.913,,,1500.000,1487806.298,76,0,0
3,0,Red,DD-X6,Escort,0,1,0,0.000,0.312,0.000,0.000,48,3,592,16,7,0,0,0,0,0,0,4238.792,1280.000,3,0.035,Earth,escort,320.107,90.461,1235.537,,1235.537,315516.199,48,1,0
3,0,Red,IC-X1,Interceptor,0,0,1,1.000,0.979,1.000,0.682,200,167,0,4,1,0,2,2,0,0,0,582.000,17.489,4,0.000,Earth,interceptor,958.027,513.239,,,1500.000,1144397.335,200,0,0
3,0,Red,IC-X2,Interceptor,0,0,1,1.000,0.928,1.000,0.899,200,172,0,4,1,0,2,1,0,0,0,683.000,60.068,9,0.000,Earth,interceptor,1221.277,626.907,,,1500.000,1175726.057,200,0,0
3,0,Red,IC-X3,Interceptor,0,0,1,0.000,0.993,1.000,0.910,200,167,0,4,1,0,2,2,0,0,0,480.000,5.466,4,0.000,Earth,interceptor,360.781,713.231,,,1500.000,1289095.472,200,0,0
3,0,Red,IC-X4,Interceptor,1,0,0,0.000,0.000,0.000,0.000,5,3,195,2,0,2,0,0,0,1,0,120.000,103.030,3,0.000,Earth,interceptor,9.180,131.798,,278.488,278.488,22779.272,5,0,0
3,0,Red,IC-X5,Interceptor,0,0,1,1.000,0.992,1.000,0.873,200,169,0,4,1,0,2,1,0,0,0,499.367,6.972,1,0.000,Earth,interceptor,236.168,356.566,,,1500.000,1047684.566,200,0,0
3,1,Blue,BB-01,Battleship,0,0,1,1.000,1.000,1.000,1.000,480,391,0,16,11,0,0,0,0,0,0,816.000,0.000,7,0.000,Mars,mars_battleship,11678.958,1755.229,,,1500.000,48076226.088,480,0,0
3,1,Blue,DD-11,Escort,0,0,1,1.000,1.000,1.000,1.000,0,0,640,16,16,0,0,0,0,0,0,0.000,0.000,0,0.000,Mars,mars_escort,0.000,83.275,,,1500.000,0.000,0,0,0
3,1,Blue,DD-12,Escort,0,0,1,1.000,1.000,1.000,1.000,0,0,640,16,15,0,0,0,0,0,0,0.000,0.000,0,0.000,Mars,mars_escort,0.000,36.798,,,1500.000,0.000,0,0,0
3,1,Blue,DD-31,Escort,0,0,1,1.000,1.000,1.000,1.000,0,0,640,16,15,0,0,0,0,0,0,0.000,0.000,1,0.000,Mars,mars_escort,0.000,75.616,,,1500.000,0.000,0,0,0
3,1,Blue,DD-32,Escort,0,0,1,1.000,1.000,1.000,1.000,0,0,640,16,15,0,0,0,0,0,0,0.000,0.000,0,0.000,Mars,mars_escort,0.000,63.536,,,1500.000,0.000,0,0,0
3,1,Blue,DD-33,Escort,0,0,1,1.000,1.000,1.000,1.000,0,0,640,16,15,0,0,0,0,0,0,0.000,0.000,1,0.000,Mars,mars_escort,0.000,208.058,,,1500.000,0.000,0,0,0
3,1,Blue,DD-34,Escort,0,0,1,1.000,1.000,1.000,1.000,0,0,640,16,15,0,0,0,0,0,0,0.000,0.000,0,0.000,Mars,mars_escort,0.000,71.712,,,1500.000,0.000,0,0,0
3,1,Blue,IC-21,Interceptor,1,0,0,0.000,0.000,0.000,0.000,6,6,194,2,1,2,0,0,0,1,0,81.600,154.921,0,0.000,Mars,mars_interceptor,600.000,0.000,,263.446,263.446,90070.375,6,0,0
3,1,Blue,IC-22,Interceptor,1,0,0,0.000,0.000,0.000,0.000,11,11,189,2,1,2,0,0,0,1,0,81.600,85.100,0,0.000,Mars,mars_interceptor,200.000,25.788,,276.800,276.800,111048.988,11,0,0
3,1,Blue,IC-23,Interceptor,1,0,0,0.000,0.000,0.000,0.000,18,18,182,2,0,2,1,1,0,1,0,85.823,108.573,0,0.000,Mars,mars_interceptor,440.417,23.871,,283.800,283.800,150852.166,18,0,0
3,1,Blue,IC-24,Interceptor,1,0,0,0.000,0.000,0.000,0.000,17,15,183,4,3,0,1,1,0,1,0,87.737,167.100,2,0.000,Mars,mars_interceptor,154.583,310.341,,299.775,299.775,155502.751,17,0,0
3,1,Blue,IC-25,Interceptor,0,1,0,0.000,0.628,0.000,0.000,19,16,181,4,3,0,1,0,0,0,1,104.793,257.300,2,0.006,Mars,mars_interceptor,0.000,360.000,289.867,,289.867,178165.451,19,0,0
3,1,Red,BB-X1,Battleship,0,0,1,0.061,0.310,0.000,0.000,0,0,720,14,5,10,0,0,0,0,0,13073.948,3014.224,15,0.000,Earth,battleship,816.000,80.483,,,1500.000,0.000,0,0,0
3,1,Red,DD-X1,Escort,0,0,1,1.000,1.000,1.000,1.000,20,2,620,12,4,4,0,0,0,0,0,0.000,0.000,2,0.000,Earth,escort,46.687,74.922,,,1500.000,155414.642,20,0,1
3,1,Red,DD-X2,Escort,0,0,1,1.000,1.000,1.000,1.000,20,0,620,12,3,4,0,0,0,0,0,0.000,0.000,14,0.000,Earth,escort,121.600,59.589,,,1500.000,163016.227,20,0,0
3,1,Red,DD-X3,Escort,0,0,1,1.000,1.000,1.000,1.000,20,0,620,14,6,2,0,0,0,0,0,0.000,0.000,16,0.000,Earth,escort,23.193,137.102,,,1500.000,222850.441,20,0,0
3,1,Red,DD-X4,Escort,0,0,1,1.000,1.000,1.000,1.000,28,0,612,14,6,2,0,0,0,0,0,0.000,0.000,0,0.000,Earth,escort,0.000,0.000,,,1500.000,233242.727,28,0,0
3,1,Red,DD-X5,Escort,0,0,1,1.000,1.000,1.000,1.000,28,0,612,14,6,2,0,0,0,0,0,0.000,0.000,1,0.000,Earth,escort,0.000,18.564,,,1500.000,369914.257,28,0,0
3,1,Red,DD-X6,Escort,0,0,1,1.000,1.000,1.000,1.000,32,4,608,14,5,2,0,0,0,0,0,0.000,0.000,4,0.000,Earth,escort,82.650,185.361,,,1500.000,243995.404,32,0,0
3,1,Red,IC-X1,Interceptor,0,0,1,1.000,1.000,1.000,1.000,16,1,184,4,2,0,0,0,2,0,0,0.000,0.000,16,0.000,Earth,interceptor,163.200,143.967,,,1500.000,89175.683,16,0,0
3,1,Red,IC-X2,Interceptor,0,0,1,1.000,1.000,1.000,1.000,16,0,184,4,0,0,0,0,2,0,0,0.000,0.000,0,0.000,Earth,interceptor,0.000,0.000,,,1500.000,92684.573,16,0,0
3,1,Red,IC-X3,Interceptor,0,0,1,1.000,1.000,1.000,1.000,16,1,184,4,1,0,0,0,2,0,0,0.000,0.000,2,0.000,Earth,interceptor,4.223,73.006,,,1500.000,93661.553,16,0,0
3,1,Red,IC-X4,Interceptor,0,0,1,1.000,1.000,1.000,1.000,16,0,184,4,2,0,0,0,2,0,0,0.000,0.000,0,0.000,Earth,interceptor,0.000,0.000,,,1500.000,96826.386,16,0,0
3,1,Red,IC-X5,Interceptor,0,0,1,1.000,1.000,1.000,1.000,16,0,184,4,1,0,0,0,2,0,0,0.000,0.000,0,0.000,Earth,interceptor,0.000,0.000,,,1500.000,102934.393,16,0,0
4,0,Blue,BB-01,Battleship,0,0,1,1.000,0.926,1.000,1.000,480,432,0,16,8,0,0,0,0,0,0,2469.122,215.291,9,0.000,Mars,mars_battleship,19265.098,1811.194,,,1500.000,48550967.142,480,1,0
4,0,Blue,DD-11,Escort,0,0,1,1.000,1.000,1.000,1.000,196,178,444,16,4,0,0,0,0,0,0,0.000,0.000,6,0.000,Mars,mars_escort,787.488,671.445,,,1500.000,5254305.563,196,0,0
4,0,Blue,DD-12,Escort,0,1,0,0.000,0.572,0.000,0.000,50,28,590,16,5,0,0,0,0,0,0,272.000,607.167,3,0.164,Mars,mars_escort,192.622,283.690,961.282,,961.282,2357202.282,50,0,0
4,0,Blue,DD-31,Escort,0,0,1,1.000,1.000,1.000,1.000,360,338,280,16,4,0,0,0,0,0,0,0.000,0.000,5,0.000,Mars,mars_escort,2766.646,617.056,,,1500.000,9788027.090,360,0,0
4,0,Blue,DD-32,Escort,0,1,0,0.000,0.466,0.000,0.000,102,81,538,16,4,0,0,0,0,0,0,272.000,758.779,5,1.250,Mars,mars_escort,1066.276,385.849,1002.350,,1002.350,4540391.032,102,0,1
4,0,Blue,DD-33,Escort,0,0,1,1.000,1.000,1.000,1.000,250,229,390,16,4,0,0,0,0,0,0,0.000,0.000,12,0.000,Mars,mars_escort,1553.944,1484.593,,,1500.000,5975265.763,250,0,0
4,0,Blue,DD-34,Escort,0,1,0,0.000,0.328,0.000,0.000,82,69,558,16,3,0,0,0,0,0,0,355.342,954.047,8,1.250,Mars,mars_escort,876.668,315.243,980.027,,980.027,3841560.985,82,0,0
4,0,Blue,IC-21,Interceptor,1,0,0,0.000,0.000,0.000,0.000,7,7,193,2,1,2,0,0,0,1,0,81.600,124.143,0,0.000,Mars,mars_interceptor,838.333,0.000,,263.546,263.546,103271.151,7,0,0
4,0,Blue,IC-22,Interceptor,1,0,0,0.000,0.000,0.000,0.000,16,16,184,3,2,1,1,1,0,1,0,98.296,120.324,1,0.000,Mars,mars_interceptor,400.000,121.226,,282.400,282.400,151516.675,16,0,0
4,0,Blue,IC-23,Interceptor,0,1,0,0.000,0.284,0.000,0.000,18,14,182,4,4,0,1,1,0,0,1,115.395,495.637,1,0.000,Mars,mars_interceptor,0.000,306.604,335.492,,335.492,148290.337,18,0,0
4,0,Blue,IC-24,Interceptor,1,0,0,0.000,0.000,0.000,0.000,14,14,186,2,2,2,0,0,0,1,0,81.600,154.800,0,0.000,Mars,mars_interceptor,0.000,11.744,,277.467,277.467,126591.783,14,0,0
4,0,Blue,IC-25,Interceptor,1,0,0,0.000,0.000,0.000,0.000,20,20,180,4,3,0,1,1,0,1,0,110.505,154.800,1,0.001,Mars,mars_interceptor,110.833,102.899,,299.746,299.746,170228.541,20,0,0
4,0,Red,BB-X1,Battleship,0,0,1,0.433,0.436,0.000,0.000,0,0,720,24,13,0,0,0,0,0,0,20660.102,2465.193,2,0.850,Earth,battleship,2469.122,317.791,,,1500.000,0.000,0,1,0
4,0,Red,DD-X1,Escort,0,0,1,1.000,1.000,1.000,1.000,52,0,588,16,8,0,0,0,0,0,0,400.000,0.000,32,0.000,Earth,escort,149.488,238.257,,,1500.000,422985.221,52,0,0
4,0,Red,DD-X2,Escort,0,0,1,1.000,1.000,1.000,1.000,50,0,590,16,9,0,0,0,0,0,0,400.000,0.000,3,0.000,Earth,escort,126.536,189.926,,,1500.000,406764.496,50,2,0
4,0,Red,DD-X3,Escort,0,0,1,1.000,0.725,0.500,0.157,64,4,576,16,9,0,0,0,0,0,0,1127.708,512.386,15,0.000,Earth,escort,20.644,63.050,,,1500.000,619557.446,64,0,0
4,0,Red,DD-X4,Escort,0,1,0,0.000,0.239,0.000,0.000,62,3,578,16,8,0,0,0,0,0,0,1265.472,1414.608,15,0.027,Earth,escort,7.908,81.563,878.402,,878.402,491566.933,62,0,0
4,0,Red,DD-X5,Escort,0,0,1,0.500,0.470,0.000,0.000,68,5,572,16,10,0,0,0,0,0,0,1790.488,985.501,0,1.250,Earth,escort,4.601,0.000,,,1500.000,739692.996,68,0,0
4,0,Red,DD-X6,Escort,0,0,1,0.130,0.633,0.500,0.000,64,2,576,16,9,0,0,0,0,0,0,1527.410,682.507,7,0.188,Earth,escort,85.568,297.712,,,1500.000,491368.254,64,1,0
4,0,Red,IC-X1,Interceptor,0,0,1,1.000,0.994,1.000,0.908,200,156,0,4,1,0,2,2,0,0,0,161.633,5.041,10,0.000,Earth,interceptor,364.649,803.789,,,1500.000,729370.032,200,0,0
4,0,Red,IC-X2,Interceptor,0,0,1,1.000,0.821,1.000,0.917,200,155,0,4,1,0,2,1,0,0,0,305.099,13.390,7,0.001,Earth,interceptor,509.717,551.684,,,1500.000,703572.266,200,0,0
4,0,Red,IC-X3,Interceptor,0,0,1,1.000,0.796,0.500,1.000,200,154,0,4,1,0,2,2,0,0,0,100.000,0.000,5,0.000,Earth,interceptor,65.625,334.436,,,1500.000,930639.953,200,0,0
4,0,Red,IC-X4,Interceptor,0,0,1,1.000,1.000,1.000,1.000,200,151,0,4,1,0,2,0,0,0,0,0.000,0.000,4,0.000,Earth,interceptor,0.000,269.896,,,1500.000,872106.428,200,0,0
4,0,Red,IC-X5,Interceptor,0,0,1,1.000,0.961,1.000,0.872,200,154,0,4,1,0,2,2,0,0,0,120.000,32.916,5,0.000,Earth,interceptor,52.000,436.884,,,1500.000,829823.400,200,0,0
4,1,Blue,BB-01,Battleship,0,1,0,0.000,0.050,0.000,0.000,296,256,184,16,11,0,0,0,0,0,0,2951.019,2779.527,13,0.407,Mars,mars_battleship,5518.314,2840.265,851.871,,851.871,31566355.390,296,1,0
4,1,Blue,DD-11,Escort,0,0,1,1.000,1.000,1.000,1.000,26,12,614,16,3,0,0,0,0,0,0,0.000,0.000,5,0.000,Mars,mars_escort,930.489,655.609,,,1257.233,1326792.619,26,0,0
4,1,Blue,DD-12,Escort,0,0,1,1.000,1.000,1.000,1.000,24,8,616,16,4,0,0,0,0,0,0,0.000,0.000,0,0.000,Mars,mars_escort,153.664,0.000,,,1257.233,1190390.713,24,0,0
4,1,Blue,DD-31,Escort,0,0,1,1.000,1.000,1.000,1.000,48,44,592,16,4,0,0,0,0,0,0,0.000,0.000,9,0.000,Mars,mars_escort,1031.297,1043.741,,,1257.233,2349317.114,48,0,0
4,1,Blue,DD-32,Escort,0,0,1,1.000,1.000,1.000,1.000,98,71,542,16,4,0,0,0,0,0,0,0.000,0.000,7,0.000,Mars,mars_escort,1257.544,550.513,,,1257.233,4794728.101,98,0,0
4,1,Blue,DD-33,Escort,0,0,1,1.000,1.000,1.000,1.000,44,34,596,16,5,0,0,0,0,0,0,0.000,0.000,26,0.000,Mars,mars_escort,1431.712,1229.285,,,1257.233,2180032.575,44,0,0
4,1,Blue,DD-34,Escort,0,0,1,1.000,1.000,1.000,1.000,104,74,536,16,5,0,0,0,0,0,0,0.000,0.000,7,0.000,Mars,mars_escort,3467.851,942.483,,,1257.233,5124909.273,104,0,0
4,1,Blue,IC-21,Interceptor,1,0,0,0.000,0.000,0.000,0.000,6,6,194,2,2,2,0,0,0,1,0,83.238,154.800,1,0.000,Mars,mars_interceptor,0.000,193.832,,269.404,269.404,75385.774,6,0,0
4,1,Blue,IC-22,Interceptor,0,1,0,0.000,0.231,0.000,0.000,11,11,189,4,2,0,0,0,0,0,1,119.309,531.804,3,0.244,Mars,mars_interceptor,729.546,310.014,330.704,,330.704,94606.208,11,0,0
4,1,Blue,IC-23,Interceptor,1,0,0,0.000,0.000,0.000,0.000,20,19,180,4,4,0,1,1,0,1,0,86.197,63.629,1,0.000,Mars,mars_interceptor,80.417,171.915,,300.835,300.835,200491.714,20,0,0
4,1,Blue,IC-24,Interceptor,1,0,0,0.000,0.000,0.000,0.000,23,23,177,4,4,0,1,1,0,1,0,165.202,179.400,2,0.000,Mars,mars_interceptor,129.166,240.229,,308.829,308.829,192746.085,23,0,0
4,1,Blue,IC-25,Interceptor,1,0,0,0.000,0.000,0.000,0.000,11,11,189,2,2,2,1,0,0,1,0,81.600,187.600,0,0.000,Mars,mars_interceptor,60.000,114.024,288.867,295.225,288.867,94458.260,11,0,0
4,1,Red,BB-X1,Battleship,0,1,0,0.000,0.159,0.000,0.000,0,0,720,10,6,14,0,0,0,0,0,6501.412,3673.474,4,0.000,Earth,battleship,0.000,154.666,540.925,,540.925,0.000,0,0,0
4,1,Red,DD-X1,Escort,0,1,0,0.000,0.565,0.000,0.000,640,621,0,16,8,0,0,0,0,0,0,777.047,809.365,6,0.013,Earth,escort,0.000,646.402,1257.230,,1257.230,12702392.740,640,0,1
4,1,Red,DD-X2,Escort,0,0,1,0.256,1.000,1.000,1.000,628,598,12,16,11,0,0,0,0,0,0,809.205,0.000,3,0.036,Earth,escort,511.185,308.006,,,1257.233,13439130.577,628,1,0
4,1,Red,DD-X3,Escort,1,0,0,0.000,0.000,0.000,0.000,54,12,586,16,6,0,0,0,0,0,0,1053.247,559.937,2,0.003,Earth,escort,659.779,114.800,,608.331,608.331,680995.133,54,0,0
4,1,Red,DD-X4,Escort,0,0,1,0.500,0.462,0.000,0.000,52,11,588,16,7,0,0,0,0,0,0,1727.158,1000.973,2,1.250,Earth,escort,17.865,139.400,,,1257.233,466386.286,52,0,0
4,1,Red,DD-X5,Escort,0,0,1,0.000,0.387,0.500,0.000,66,18,574,16,7,0,0,0,0,0,0,1690.097,1139.652,46,1.250,Earth,escort,1338.960,670.442,,,1257.233,1176243.020,66,0,0
4,1,Red,DD-X6,Escort,0,1,0,0.000,0.571,0.000,0.000,52,16,588,16,6,0,0,0,0,0,0,1846.866,798.496,4,0.123,Earth,escort,163.200,281.589,626.739,,626.739,678042.093,52,0,0
4,1,Red,IC-X1,Interceptor,0,0,1,1.000,0.820,0.500,1.000,166,143,34,4,0,0,0,0,0,0,1,120.000,150.000,2,0.000,Earth,interceptor,2.131,263.815,,,1257.233,592894.287,166,0,0
4,1,Red,IC-X2,Interceptor,0,0,1,1.000,1.000,1.000,1.000,200,175,0,4,1,0,2,2,0,0,0,0.000,0.000,1,0.000,Earth,interceptor,84.003,182.834,,,1257.233,977012.794,200,0,0
4,1,Red,IC-X3,Interceptor,0,0,1,1.000,1.000,1.000,1.000,166,142,34,4,1,0,2,2,0,0,0,0.000,0.000,18,0.000,Earth,interceptor,88.419,246.578,,,1257.233,732850.205,166,0,0
4,1,Red,IC-X4,Interceptor,0,0,1,1.000,0.808,0.865,1.000,200,182,0,4,0,0,0,0,0,0,1,224.967,160.014,2,0.003,Earth,interceptor,406.104,455.220,,,1257.233,755968.554,200,0,0
4,1,Red,IC-X5,Interceptor,0,0,1,1.000,1.000,1.000,1.000,200,178,0,4,0,0,2,2,0,0,0,40.000,0.000,3,0.000,Earth,interceptor,214.921,433.009,,,1257.233,1264768.509,200,0,0
5,0,Blue,BB-01,Battleship,0,0,1,1.000,0.798,0.000,1.000,480,423,0,16,8,0,0,0,0,0,0,1168.435,590.400,14,0.000,Mars,mars_battleship,5603.288,2688.640,,,1500.000,48402992.651,480,0,0
5,0,Blue,DD-11,Escort,0,0,1,0.000,0.361,0.000,0.497,64,11,576,16,12,0,0,0,0,0,0,323.578,907.625,3,1.250,Mars,mars_escort,600.000,107.014,,,1500.000,1248067.485,64,0,5
5,0,Blue,DD-12,Escort,0,1,0,0.000,0.396,0.000,0.000,160,52,480,16,11,0,0,0,0,0,0,865.102,843.135,20,0.841,Mars,mars_escort,1134.405,677.510,1331.313,,1331.313,5958774.160,160,0,1
5,0,Blue,DD-31,Escort,0,0,1,1.000,0.742,0.000,1.000,70,14,570,16,11,0,0,0,0,0,0,324.353,366.701,7,0.851,Mars,mars_escort,1352.245,810.202,,,1500.000,1775181.488,70,0,0
5,0,Blue,DD-32,Escort,0,0,1,1.000,1.000,1.000,1.000,218,161,422,16,10,0,0,0,0,0,0,220.000,0.000,5,0.000,Mars,mars_escort,2472.294,466.575,,,1500.000,6848961.109,218,0,0
5,0,Blue,DD-33,Escort,0,0,1,1.000,0.849,0.000,1.000,112,38,528,16,11,0,0,0,0,0,0,367.284,214.382,6,0.000,Mars,mars_escort,2309.448,813.542,,,1500.000,3700587.837,112,0,0
5,0,Blue,DD-34,Escort,0,0,1,1.000,0.942,1.000,1.000,158,88,482,16,10,0,0,0,0,0,0,272.000,82.000,14,0.000,Mars,mars_escort,2280.293,1687.444,,,1500.000,5231155.668,158,0,0
5,0,Blue,IC-21,Interceptor,1,0,0,0.000,0.000,0.000,0.000,6,6,194,2,2,2,0,0,0,1,0,86.072,294.200,0,0.000,Mars,mars_interceptor,600.000,0.000,,267.962,267.962,90258.216,6,0,0
5,0,Blue,IC-22,Interceptor,1,0,0,0.000,0.000,0.000,0.000,7,7,193,2,2,2,0,0,0,1,0,81.600,40.000,0,0.000,Mars,mars_interceptor,422.520,18.656,,269.253,269.253,98331.997,7,0,0
5,0,Blue,IC-23,Interceptor,0,1,0,0.000,0.533,0.000,0.000,9,5,191,4,2,0,0,0,0,0,1,99.301,322.900,0,0.000,Mars,mars_interceptor,0.000,59.792,294.071,,294.071,99660.619,9,0,0
5,0,Blue,IC-24,Interceptor,1,0,0,0.000,0.000,0.000,0.000,38,32,162,4,4,0,1,0,0,0,1,156.697,534.942,2,0.000,Mars,mars_interceptor,138.333,216.062,334.354,888.529,334.354,313268.922,38,0,0
5,0,Blue,IC-25,Interceptor,1,0,0,0.000,0.000,0.000,0.000,6,6,194,4,4,0,0,0,0,1,0,97.047,228.600,0,0.236,Mars,mars_interceptor,0.000,68.602,,293.879,293.879,66816.272,6,0,0
5,0,Red,BB-X1,Battleship,0,1,0,0.000,0.185,0.000,0.000,0,0,720,16,11,8,0,0,0,0,0,6314.141,3562.382,7,0.039,Earth,battleship,61.600,226.039,362.850,,362.850,0.000,0,0,0
5,0,Red,DD-X1,Escort,0,0,1,0.500,0.706,0.500,0.000,162,54,478,16,13,0,0,0,0,0,0,1714.024,546.887,21,0.021,Earth,escort,66.190,268.325,,,1500.000,3561223.446,162,1,1
5,0,Red,DD-X2,Escort,0,0,1,1.000,1.000,1.000,1.000,32,10,608,16,12,0,0,0,0,0,0,0.000,0.000,1,0.000,Earth,escort,60.000,46.700,,,1500.000,194239.493,32,0,0
5,0,Red,DD-X3,Escort,0,0,1,0.000,0.438,0.705,0.000,48,12,592,16,10,0,0,0,0,0,0,2555.160,1045.870,2,0.000,Earth,escort,329.541,118.900,,,1500.000,737879.325,48,0,0
5,0,Red,DD-X4,Escort,0,1,0,0.000,0.651,0.000,0.000,44,15,596,16,12,0,0,0,0,0,0,1000.000,650.000,2,0.086,Earth,escort,85.357,70.576,1199.066,,1199.066,360104.339,44,0,0
5,0,Red,DD-X5,Escort,0,0,1,0.500,0.731,1.000,0.000,44,0,596,16,11,0,0,0,0,0,0,1104.277,499.775,1,0.000,Earth,escort,0.000,100.906,,,1500.000,516697.229,44,0,0
5,0,Red,DD-X6,Escort,0,0,1,0.500,0.661,0.500,0.000,44,12,596,16,12,0,0,0,0,0,0,1318.090,630.941,1,0.852,Earth,escort,22.357,129.228,,,1500.000,308858.508,44,1,0
5,0,Red,IC-X1,Interceptor,0,0,1,0.667,0.978,1.000,0.766,200,171,0,4,3,0,2,1,0,0,0,480.000,18.108,25,0.000,Earth,interceptor,863.381,1164.040,,,1500.000,1057864.914,200,0,0
5,0,Red,IC-X2,Interceptor,1,0,0,0.000,0.000,0.000,0.000,88,76,112,4,3,0,0,0,0,1,0,141.680,225.000,1,0.000,Earth,interceptor,981.128,102.125,,1016.102,1016.102,586646.222,88,0,0
5,0,Red,IC-X3,Interceptor,0,0,1,1.000,0.849,1.000,0.905,200,180,0,4,1,0,2,0,0,0,0,561.845,75.237,27,0.000,Earth,interceptor,942.117,918.216,,,1500.000,1088526.182,200,0,0
5,0,Red,IC-X4,Interceptor,0,0,1,0.796,0.758,1.000,0.406,93,79,107,4,1,0,2,0,0,0,0,935.677,201.966,1,0.000,Earth,interceptor,0.000,40.200,,,1500.000,460210.149,93,0,0
5,0,Red,IC-X5,Interceptor,0,0,1,1.000,0.811,1.000,0.766,200,181,0,4,1,0,2,1,0,0,0,787.932,157.873,13,0.077,Earth,interceptor,649.798,1239.629,,,1500.000,991886.173,200,0,0
5,1,Blue,BB-01,Battleship,0,0,1,1.000,1.000,1.000,1.000,290,277,190,16,11,0,0,0,0,0,0,0.000,0.000,11,0.000,Mars,mars_battleship,4616.866,2405.258,,,880.667,30292466.988,290,0,0
5,1,Blue,DD-11,Escort,0,0,1,1.000,1.000,1.000,1.000,22,10,618,16,16,0,0,0,0,0,0,0.000,0.000,4,0.000,Mars,mars_escort,400.000,561.772,,,880.667,1237465.404,22,0,0
5,1,Blue,DD-12,Escort,0,0,1,1.000,1.000,1.000,1.000,20,13,620,16,16,0,0,0,0,0,0,0.000,0.000,9,0.000,Mars,mars_escort,535.108,847.624,,,880.667,1030208.723,20,0,0
5,1,Blue,DD-31,Escort,0,0,1,1.000,1.000,1.000,1.000,30,16,610,16,16,0,0,0,0,0,0,0.000,0.000,4,0.006,Mars,mars_escort,941.328,431.577,,,880.667,1592620.419,30,0,0
5,1,Blue,DD-32,Escort,0,0,1,1.000,1.000,1.000,1.000,18,12,622,16,16,0,0,0,0,0,0,0.000,0.000,3,0.000,Mars,mars_escort,313.695,311.039,,,880.667,874288.377,18,0,0
5,1,Blue,DD-33,Escort,0,0,1,1.000,1.000,1.000,1.000,24,7,616,16,16,0,0,0,0,0,0,0.000,0.000,0,0.000,Mars,mars_escort,800.000,64.532,,,880.667,1375221.480,24,0,0
5,1,Blue,DD-34,Escort,0,0,1,1.000,1.000,1.000,1.000,12,9,628,16,16,0,0,0,0,0,0,0.000,0.000,4,0.000,Mars,mars_escort,524.886,618.223,,,880.667,509142.169,12,0,0
5,1,Blue,IC-21,Interceptor,0,1,0,0.000,0.598,0.000,0.000,76,20,124,4,2,0,0,0,0,0,1,180.708,278.309,17,0.030,Mars,mars_interceptor,776.699,128.176,361.632,,361.632,510765.826,76,0,0
5,1,Blue,IC-22,Interceptor,0,1,0,0.000,0.431,0.000,0.000,54,5,146,4,2,0,0,0,0,0,1,202.165,393.607,0,0.747,Mars,mars_interceptor,125.633,10.049,348.558,,348.558,557520.924,54,0,0
5,1,Blue,IC-23,Interceptor,0,1,0,0.000,0.474,0.000,0.000,30,9,170,4,2,0,0,0,0,0,1,159.230,363.900,17,0.000,Mars,mars_interceptor,267.767,80.000,320.362,,320.362,179733.348,30,0,0
5,1,Blue,IC-24,Interceptor,1,0,0,0.000,0.000,0.000,0.000,3,3,197,2,2,2,0,0,0,1,0,139.805,154.800,0,0.284,Mars,mars_interceptor,0.000,0.000,,287.121,287.121,29492.710,3,0,0
5,1,Blue,IC-25,Interceptor,0,1,0,0.000,0.471,0.000,0.000,23,4,177,4,2,0,0,0,0,0,1,175.420,365.851,0,0.125,Mars,mars_interceptor,120.041,0.000,334.767,,334.767,282419.656,23,0,0
5,1,Red,BB-X1,Battleship,0,1,0,0.000,0.367,0.000,0.000,0,0,720,3,1,21,0,0,0,0,0,4616.908,2766.307,0,1.066,Earth,battleship,15.678,0.000,276.981,,276.981,0.000,0,0,0
5,1,Red,DD-X1,Escort,0,0,1,1.000,1.000,1.000,1.000,64,8,576,16,11,0,0,0,0,0,0,0.000,0.000,3,0.000,Earth,escort,89.967,86.739,,,880.667,393897.143,64,1,0
5,1,Red,DD-X2,Escort,0,0,1,1.000,1.000,1.000,1.000,60,2,580,16,11,0,0,0,0,0,0,0.000,0.000,2,0.000,Earth,escort,0.000,113.929,,,880.667,582874.123,60,1,0
5,1,Red,DD-X3,Escort,0,1,0,0.000,0.543,0.000,0.000,88,15,552,16,9,0,0,0,0,0,0,1066.214,850.000,2,0.083,Earth,escort,162.795,183.498,875.928,,875.928,1022293.042,88,0,0
5,1,Red,DD-X4,Escort,0,0,1,0.000,0.552,0.500,0.000,84,5,556,16,11,0,0,0,0,0,0,713.695,833.769,3,0.000,Earth,escort,1.679,72.619,,,880.667,956368.724,84,0,0
5,1,Red,DD-X5,Escort,0,0,1,0.000,1.000,1.000,1.000,86,8,554,16,10,0,0,0,0,0,0,800.000,0.000,1,0.000,Earth,escort,0.000,16.176,,,880.667,1151258.959,86,0,0
5,1,Red,DD-X6,Escort,0,1,0,0.000,0.570,0.000,0.000,80,7,560,16,10,0,0,0,0,0,0,935.108,800.000,19,0.000,Earth,escort,86.655,233.167,880.665,,880.665,932947.678,80,0,0
5,1,Red,IC-X1,Interceptor,0,0,1,1.000,0.868,0.500,1.000,46,14,154,4,2,0,0,0,2,0,0,512.865,110.000,5,0.000,Earth,interceptor,95.378,261.391,,,880.667,207751.284,46,0,0
5,1,Red,IC-X2,Interceptor,1,0,0,0.000,0.000,0.000,0.000,7,2,193,4,1,0,0,0,0,1,0,134.400,40.000,1,0.000,Earth,interceptor,0.000,119.920,,278.563,278.563,32575.492,7,0,0
5,1,Red,IC-X3,Interceptor,1,0,0,0.000,0.000,0.000,0.000,36,10,164,4,0,0,0,0,0,1,0,273.833,58.176,3,0.000,Earth,interceptor,151.729,186.841,,317.040,317.040,175344.925,36,0,0
5,1,Red,IC-X4,Interceptor,0,0,1,1.000,1.000,1.000,1.000,34,12,166,4,0,0,0,0,2,0,0,122.667,0.000,5,0.000,Earth,interceptor,171.846,147.290,,,880.667,157547.701,34,0,0
5,1,Red,IC-X5,Interceptor,0,0,1,1.000,1.000,1.000,1.000,42,8,158,4,1,0,0,0,2,0,0,246.333,0.000,1,0.000,Earth,interceptor,81.600,134.896,,,880.667,231324.852,42,0,0
6,0,Blue,BB-01,Battleship,0,1,0,0.000,0.437,0.000,0.000,480,449,0,16,12,0,0,0,0,0,0,4149.973,1649.314,13,0.000,Mars,mars_battleship,3630.283,2901.159,1359.662,,1359.662,48192425.967,480,0,0
6,0,Blue,DD-11,Escort,0,1,0,0.000,0.439,0.000,0.000,82,73,558,16,7,0,0,0,0,0,0,278.635,797.201,6,1.062,Mars,mars_escort,1191.483,394.997,1138.898,,1138.898,3154877.500,82,0,3
6,0,Blue,DD-12,Escort,0,0,1,1.000,1.000,1.000,1.000,10,9,630,16,7,0,0,0,0,0,0,0.000,0.000,3,0.000,Mars,mars_escort,547.438,402.015,,,1359.667,536862.516,10,0,0
6,0,Blue,DD-31,Escort,0,0,1,0.000,0.277,0.000,0.000,54,27,586,16,7,0,0,0,0,0,0,384.801,1026.832,5,0.850,Mars,mars_escort,1111.423,574.728,,,1359.667,2359449.924,54,0,0
6,0,Blue,DD-32,Escort,0,0,1,1.000,1.000,1.000,1.000,38,29,602,16,7,0,0,0,0,0,0,0.000,0.000,8,0.000,Mars,mars_escort,733.103,722.773,,,1359.667,1939583.164,38,0,0
6,0,Blue,DD-33,Escort,0,1,0,0.000,0.539,0.000,0.000,66,42,574,16,7,0,0,0,0,0,0,462.401,654.419,10,0.000,Mars,mars_escort,1018.813,1172.200,1051.547,,1051.547,3000526.712,66,0,0
6,0,Blue,DD-34,Escort,0,0,1,1.000,1.000,1.000,1.000,16,14,624,16,5,0,0,0,0,0,0,0.000,0.000,6,0.000,Mars,mars_escort,142.307,863.008,,,1359.667,844879.390,16,0,0
6,0,Blue,IC-21,Interceptor,0,1,0,0.000,0.510,0.000,0.000,9,9,191,4,3,0,0,0,0,0,1,95.959,339.300,0,0.000,Mars,mars_interceptor,662.820,87.111,282.332,,282.332,109187.790,9,0,0
6,0,Blue,IC-22,Interceptor,0,1,0,0.000,0.628,0.000,0.000,29,17,171,4,2,0,1,0,0,0,1,194.095,257.483,0,0.000,Mars,mars_interceptor,76.984,132.078,360.596,,360.596,260513.211,29,0,0
6,0,Blue,IC-23,Interceptor,0,1,0,0.000,0.251,0.000,0.000,24,16,176,4,3,0,1,0,0,0,1,168.807,518.307,2,0.409,Mars,mars_interceptor,125.300,284.948,366.340,,366.340,178641.744,24,0,0
6,0,Blue,IC-24,Interceptor,1,0,0,0.000,0.000,0.000,0.000,22,22,178,4,1,0,0,0,0,1,0,85.310,122.000,1,0.000,Mars,mars_interceptor,466.250,123.987,,291.779,291.779,147506.906,22,0,0
6,0,Blue,IC-25,Interceptor,1,0,0,0.000,0.000,0.000,0.000,5,5,195,2,1,2,0,0,0,1,0,81.600,120.570,0,0.000,Mars,mars_interceptor,0.000,46.296,,274.625,274.625,69901.168,5,0,0
6,0,Red,BB-X1,Battleship,0,1,0,0.000,0.195,0.000,0.000,0,0,720,24,16,0,0,0,0,0,0,4201.135,3518.607,1,0.000,Earth,battleship,2753.589,219.918,1082.868,,1082.868,0.000,0,0,0
6,0,Red,DD-X1,Escort,0,0,1,1.000,1.000,1.000,1.000,136,85,504,16,11,0,0,0,0,0,0,0.000,0.000,27,0.000,Earth,escort,1448.625,1612.896,,,1359.667,3406145.783,136,0,1
6,0,Red,DD-X2,Escort,0,0,1,1.000,1.000,1.000,1.000,56,9,584,16,10,0,0,0,0,0,0,400.000,0.000,3,0.000,Earth,escort,127.459,151.700,,,1359.667,483443.133,56,4,0
6,0,Red,DD-X3,Escort,0,0,1,0.000,0.575,0.500,0.000,102,10,538,16,8,0,0,0,0,0,0,1213.650,790.000,1,0.000,Earth,escort,81.600,77.667,,,1359.667,1473696.236,102,0,0
6,0,Red,DD-X4,Escort,0,0,1,0.000,0.356,0.500,0.000,114,22,526,16,7,0,0,0,0,0,0,539.906,1198.047,11,0.000,Earth,escort,579.291,955.619,,,1359.667,1552055.773,114,0,0
6,0,Red,DD-X5,Escort,0,1,0,0.000,0.360,0.000,0.000,102,12,538,16,10,0,0,0,0,0,0,1613.769,1191.218,4,0.000,Earth,escort,82.131,214.609,795.657,,795.657,1514747.294,102,0,0
6,0,Red,DD-X6,Escort,0,1,0,0.000,0.492,0.000,0.000,98,11,542,16,9,0,0,0,0,0,0,538.441,944.462,19,0.051,Earth,escort,167.547,228.297,709.823,,709.823,1077526.819,98,0,0
6,0,Red,IC-X1,Interceptor,0,0,1,1.000,0.995,1.000,0.963,200,161,0,4,1,0,2,2,0,0,0,247.500,4.263,9,0.000,Earth,interceptor,52.000,689.479,,,1359.667,1268551.441,200,0,0
6,0,Red,IC-X2,Interceptor,0,0,1,1.000,0.970,1.000,1.000,200,168,0,4,0,0,2,2,0,0,0,240.000,24.802,1,0.000,Earth,interceptor,72.896,118.482,,,1359.667,1001987.552,200,0,0
6,0,Red,IC-X3,Interceptor,0,0,1,1.000,1.000,1.000,1.000,200,161,0,4,2,0,2,0,0,0,0,128.667,0.000,4,0.000,Earth,interceptor,0.000,295.759,,,1359.667,1012130.244,200,0,0
6,0,Red,IC-X4,Interceptor,0,0,1,1.000,0.961,0.766,1.000,200,166,0,4,1,0,2,1,0,0,0,445.300,32.730,9,0.000,Earth,interceptor,316.442,587.886,,,1359.667,763392.568,200,0,0
6,0,Red,IC-X5,Interceptor,0,0,1,1.000,0.999,1.000,0.979,200,161,0,4,0,0,2,2,0,0,0,137.833,1.172,6,0.000,Earth,interceptor,220.000,333.112,,,1359.667,942476.941,200,0,0
6,1,Blue,BB-01,Battleship,0,0,1,1.000,1.000,1.000,1.000,480,433,0,16,11,0,0,0,0,0,0,0.000,0.000,12,0.000,Mars,mars_battleship,10658.322,2452.697,,,1500.000,48637065.031,480,0,0
6,1,Blue,DD-11,Escort,0,1,0,0.000,0.334,0.000,0.000,132,118,508,16,8,0,0,0,0,0,0,419.902,945.554,5,0.090,Mars,mars_escort,303.770,667.997,1080.053,,1080.053,4987765.870,132,0,0
6,1,Blue,DD-12,Escort,0,0,1,1.000,1.000,1.000,1.000,104,72,536,16,5,0,0,0,0,0,0,0.000,0.000,9,0.000,Mars,mars_escort,1312.676,896.384,,,1500.000,5196413.735,104,0,0
6,1,Blue,DD-31,Escort,0,0,1,0.000,0.482,0.000,0.500,128,96,512,16,5,0,0,0,0,0,0,272.000,735.327,9,0.851,Mars,mars_escort,2497.557,787.804,,,1500.000,4897405.405,128,0,3
6,1,Blue,DD-32,Escort,0,0,1,1.000,1.000,1.000,1.000,74,39,566,16,4,0,0,0,0,0,0,0.000,0.000,4,0.000,Mars,mars_escort,592.465,471.531,,,1500.000,3763494.623,74,0,0
6,1,Blue,DD-33,Escort,0,0,1,0.000,0.246,0.000,0.000,112,107,528,16,6,0,0,0,0,0,0,272.000,1071.113,26,0.449,Mars,mars_escort,4114.392,1364.636,,,1500.000,4131523.757,112,0,1
6,1,Blue,DD-34,Escort,0,0,1,1.000,1.000,1.000,1.000,50,36,590,16,3,0,0,0,0,0,0,0.000,0.000,5,0.000,Mars,mars_escort,1178.306,486.377,,,1500.000,2318015.083,50,0,0
6,1,Blue,IC-21,Interceptor,0,1,0,0.000,0.729,0.000,0.000,29,19,171,4,4,0,1,1,0,0,1,108.073,187.600,0,0.000,Mars,mars_interceptor,337.083,191.441,369.742,,369.742,282567.384,29,0,0
6,1,Blue,IC-22,Interceptor,1,0,0,0.000,0.000,0.000,0.000,15,15,185,2,0,2,0,0,0,1,0,86.862,128.886,2,0.000,Mars,mars_interceptor,733.333,226.246,,283.342,283.342,126163.802,15,0,0
6,1,Blue,IC-23,Interceptor,0,1,0,0.000,0.454,0.000,0.000,24,24,176,4,2,0,1,0,0,0,1,104.447,377.858,0,1.250,Mars,mars_interceptor,375.156,7.611,439.967,,439.967,187516.219,24,0,0
6,1,Blue,IC-24,Interceptor,0,1,0,0.000,0.706,0.000,0.000,18,18,182,4,2,0,2,1,0,0,0,141.600,203.564,1,0.000,Mars,mars_interceptor,1284.566,147.372,403.000,,403.000,174549.343,18,0,0
6,1,Blue,IC-25,Interceptor,0,1,0,0.000,0.699,0.000,0.000,21,21,179,4,2,0,0,0,2,0,0,127.537,208.530,0,0.000,Mars,mars_interceptor,200.000,133.754,302.088,,302.088,162245.786,21,0,0
6,1,Red,BB-X1,Battleship,0,0,1,0.188,0.254,0.000,0.094,0,0,720,24,15,0,0,0,0,0,0,12508.917,3258.307,19,0.000,Earth,battleship,0.000,125.025,,,1500.000,0.000,0,0,0
6,1,Red,DD-X1,Escort,0,0,1,1.000,1.000,1.000,1.000,30,6,610,16,13,0,0,0,0,0,0,400.000,0.000,4,0.000,Earth,escort,169.912,205.231,,,1500.000,155781.540,30,0,0
6,1,Red,DD-X2,Escort,0,0,1,1.000,1.000,1.000,1.000,24,3,616,16,13,0,0,0,0,0,0,1762.750,0.000,5,0.000,Earth,escort,220.376,222.208,,,1500.000,122989.018,24,1,0
6,1,Red,DD-X3,Escort,0,1,0,0.000,0.253,0.000,0.000,96,2,544,16,6,0,0,0,0,0,0,1879.313,1390.000,1,1.246,Earth,escort,0.000,27.384,917.399,,917.399,1636850.952,96,0,0
6,1,Red,DD-X4,Escort,0,0,1,0.000,0.388,0.500,0.000,104,9,536,16,6,0,0,0,0,0,0,928.392,1137.987,6,0.000,Earth,escort,272.000,547.321,,,1500.000,1611969.012,104,0,0
6,1,Red,DD-X5,Escort,1,0,0,0.000,0.000,0.000,0.000,96,0,544,16,8,0,0,0,0,0,0,528.626,473.427,3,0.043,Earth,escort,82.772,175.730,,799.645,799.645,1766958.374,96,0,0
6,1,Red,DD-X6,Escort,0,1,0,0.000,0.255,0.000,0.000,110,4,530,16,8,0,0,0,0,0,0,1927.988,1384.976,2,0.361,Earth,escort,90.197,195.286,1073.073,,1073.073,1413413.259,110,0,0
6,1,Red,IC-X1,Interceptor,0,0,1,0.719,0.904,1.000,0.334,200,184,0,4,0,0,2,2,0,0,0,705.066,52.064,8,0.000,Earth,interceptor,52.000,711.092,,,1500.000,797206.320,200,0,0
6,1,Red,IC-X2,Interceptor,0,0,1,1.000,0.869,1.000,0.846,200,188,0,4,0,0,2,1,0,0,0,571.966,40.928,3,0.000,Earth,interceptor,290.268,373.769,,,1500.000,760923.139,200,0,0
6,1,Red,IC-X3,Interceptor,0,0,1,1.000,0.847,1.000,0.670,200,187,0,4,0,0,2,0,0,0,0,564.795,31.302,3,0.000,Earth,interceptor,3.119,456.732,,,1500.000,698233.540,200,0,0
6,1,Red,IC-X4,Interceptor,0,0,1,1.000,0.813,1.000,0.000,109,97,91,4,0,0,2,0,0,0,0,827.081,56.346,6,0.000,Earth,interceptor,347.664,397.038,,,1500.000,469467.294,109,0,0
6,1,Red,IC-X5,Interceptor,0,0,1,0.122,0.990,1.000,0.915,200,184,0,4,0,0,2,1,0,0,0,982.731,8.513,5,0.000,Earth,interceptor,4.114,421.616,,,1500.000,960366.252,200,0,0
