seed,mirror,scope,section,ticks,calls,totalMs,usPerTick
1,0,All,Tick,44113,44113,38550.394400,873.901
1,0,All,AI,44113,44113,4685.135300,106.208
1,0,All,AICommand,44113,44113,63.711900,1.444
1,0,All,AIThink,44113,68419,471.341500,10.685
1,0,All,AIDrive,44113,1026330,1468.122600,33.281
1,0,All,AIEngage,44113,44113,2495.288300,56.566
1,0,All,Gunnery,44113,44113,23.900500,0.542
1,0,All,ShipStep,44113,176452,7845.220700,177.844
1,0,All,Collision,44113,176452,2750.009300,62.340
1,0,All,Projectiles,44113,176452,2654.788400,60.182
1,0,All,Missiles,44113,176452,3328.419900,75.452
1,0,All,PointDefense,44113,176452,11099.342700,251.612
1,0,All,Drones,44113,176452,5297.907500,120.099
1,0,All,Sensors,44113,44113,271.346900,6.151
1,0,All,Post,44113,176452,445.867700,10.107
1,0,phase:Approach,Tick,7200,7200,3909.304200,542.959
1,0,phase:Approach,AI,7200,7200,389.397500,54.083
1,0,phase:Approach,AICommand,7200,7200,28.196300,3.916
1,0,phase:Approach,AIThink,7200,11520,57.135900,7.936
1,0,phase:Approach,AIDrive,7200,172800,214.924600,29.851
1,0,phase:Approach,AIEngage,7200,7200,59.340800,8.242
1,0,phase:Approach,Gunnery,7200,7200,4.172700,0.580
1,0,phase:Approach,ShipStep,7200,28800,1246.780900,173.164
1,0,phase:Approach,Collision,7200,28800,405.281400,56.289
1,0,phase:Approach,Projectiles,7200,28800,5.884600,0.817
1,0,phase:Approach,Missiles,7200,28800,63.809600,8.862
1,0,phase:Approach,PointDefense,7200,28800,1310.757900,182.050
1,0,phase:Approach,Drones,7200,28800,343.531300,47.713
1,0,phase:Approach,Sensors,7200,7200,44.892900,6.235
1,0,phase:Approach,Post,7200,28800,71.333600,9.907
1,0,phase:Missile,Tick,21600,21600,18590.046900,860.650
1,0,phase:Missile,AI,21600,21600,2110.584600,97.712
1,0,phase:Missile,AICommand,21600,21600,22.026700,1.020
1,0,phase:Missile,AIThink,21600,34556,222.998900,10.324
1,0,phase:Missile,AIDrive,21600,518400,684.761300,31.702
1,0,phase:Missile,AIEngage,21600,21600,1089.001700,50.417
1,0,phase:Missile,Gunnery,21600,21600,11.124900,0.515
1,0,phase:Missile,ShipStep,21600,86400,3873.379400,179.323
1,0,phase:Missile,Collision,21600,86400,1283.339400,59.414
1,0,phase:Missile,Projectiles,21600,86400,15.678300,0.726
1,0,phase:Missile,Missiles,21600,86400,1945.426900,90.066
1,0,phase:Missile,PointDefense,21600,86400,5974.471500,276.596
1,0,phase:Missile,Drones,21600,86400,2961.805300,137.121
1,0,phase:Missile,Sensors,21600,21600,133.011100,6.158
1,0,phase:Missile,Post,21600,86400,209.072800,9.679
1,0,phase:Sniping,Tick,7200,7200,8072.533400,1121.185
1,0,phase:Sniping,AI,7200,7200,1007.021600,139.864
1,0,phase:Sniping,AICommand,7200,7200,6.875000,0.955
1,0,phase:Sniping,AIThink,7200,11358,95.816900,13.308
1,0,phase:Sniping,AIDrive,7200,170374,257.639000,35.783
1,0,phase:Sniping,AIEngage,7200,7200,614.952700,85.410
1,0,phase:Sniping,Gunnery,7200,7200,4.093500,0.569
1,0,phase:Sniping,ShipStep,7200,28800,1320.900800,183.458
1,0,phase:Sniping,Collision,7200,28800,466.824900,64.837
1,0,phase:Sniping,Projectiles,7200,28800,937.264300,130.176
1,0,phase:Sniping,Missiles,7200,28800,853.382400,118.525
1,0,phase:Sniping,PointDefense,7200,28800,2116.835600,294.005
1,0,phase:Sniping,Drones,7200,28800,1218.163900,169.189
1,0,phase:Sniping,Sensors,7200,7200,44.855000,6.230
1,0,phase:Sniping,Post,7200,28800,78.081200,10.845
1,0,phase:Brawl,Tick,8113,8113,7978.509900,983.423
1,0,phase:Brawl,AI,8113,8113,1178.131600,145.215
1,0,phase:Brawl,AICommand,8113,8113,6.613900,0.815
1,0,phase:Brawl,AIThink,8113,10985,95.389800,11.758
1,0,phase:Brawl,AIDrive,8113,164756,310.797700,38.309
1,0,phase:Brawl,AIEngage,8113,8113,731.993100,90.225
1,0,phase:Brawl,Gunnery,8113,8113,4.509400,0.556
1,0,phase:Brawl,ShipStep,8113,32452,1404.159600,173.075
1,0,phase:Brawl,Collision,8113,32452,594.563600,73.285
1,0,phase:Brawl,Projectiles,8113,32452,1695.961200,209.042
1,0,phase:Brawl,Missiles,8113,32452,465.801000,57.414
1,0,phase:Brawl,PointDefense,8113,32452,1697.277700,209.205
1,0,phase:Brawl,Drones,8113,32452,774.407000,95.453
1,0,phase:Brawl,Sensors,8113,8113,48.587900,5.989
1,0,phase:Brawl,Post,8113,32452,87.380100,10.770
1,0,time:0-300,Tick,18000,18000,11018.785200,612.155
1,0,time:0-300,AI,18000,18000,1238.582800,68.810
1,0,time:0-300,AICommand,18000,18000,42.490800,2.361
1,0,time:0-300,AIThink,18000,28796,139.252400,7.736
1,0,time:0-300,AIDrive,18000,432000,532.486100,29.583
1,0,time:0-300,AIEngage,18000,18000,449.595700,24.978
1,0,time:0-300,Gunnery,18000,18000,9.582000,0.532
1,0,time:0-300,ShipStep,18000,72000,3137.886600,174.327
1,0,time:0-300,Collision,18000,72000,1032.731600,57.374
1,0,time:0-300,Projectiles,18000,72000,13.638300,0.758
1,0,time:0-300,Missiles,18000,72000,494.214500,27.456
1,0,time:0-300,PointDefense,18000,72000,3574.637700,198.591
1,0,time:0-300,Drones,18000,72000,1178.498500,65.472
1,0,time:0-300,Sensors,18000,18000,110.446100,6.136
1,0,time:0-300,Post,18000,72000,169.368800,9.409
1,0,time:300-540,Tick,14400,14400,15814.818300,1098.251
1,0,time:300-540,AI,14400,14400,1746.833000,121.308
1,0,time:300-540,AICommand,14400,14400,10.803600,0.750
1,0,time:300-540,AIThink,14400,23040,189.158100,13.136
1,0,time:300-540,AIDrive,14400,345600,499.205700,34.667
1,0,time:300-540,AIEngage,14400,14400,984.572700,68.373
1,0,time:300-540,Gunnery,14400,14400,7.853300,0.545
1,0,time:300-540,ShipStep,14400,57600,2670.569300,185.456
1,0,time:300-540,Collision,14400,57600,883.469200,61.352
1,0,time:300-540,Projectiles,14400,57600,193.625400,13.446
1,0,time:300-540,Missiles,14400,57600,2113.029100,146.738
1,0,time:300-540,PointDefense,14400,57600,4998.308200,347.105
1,0,time:300-540,Drones,14400,57600,2908.885300,202.006
1,0,time:300-540,Sensors,14400,14400,90.831100,6.308
1,0,time:300-540,Post,14400,57600,152.092900,10.562
1,0,time:540+,Tick,11713,11713,11716.790900,1000.324
1,0,time:540+,AI,11713,11713,1699.719500,145.114
1,0,time:540+,AICommand,11713,11713,10.417500,0.889
1,0,time:540+,AIThink,11713,16583,142.931000,12.203
1,0,time:540+,AIDrive,11713,248730,436.430800,37.260
1,0,time:540+,AIEngage,11713,11713,1061.119900,90.593
1,0,time:540+,Gunnery,11713,11713,6.465200,0.552
1,0,time:540+,ShipStep,11713,46852,2036.764800,173.889
1,0,time:540+,Collision,11713,46852,833.808500,71.187
1,0,time:540+,Projectiles,11713,46852,2447.524700,208.958
1,0,time:540+,Missiles,11713,46852,721.176300,61.571
1,0,time:540+,PointDefense,11713,46852,2526.396800,215.692
1,0,time:540+,Drones,11713,46852,1210.523700,103.349
1,0,time:540+,Sensors,11713,11713,70.069700,5.982
1,0,time:540+,Post,11713,46852,124.406000,10.621
