seed,mirror,winner,reason,outcomeTime,wallSeconds,friendlyCollisions,Blue_contact,Blue_identified,Blue_locked,Blue_missileLaunch,Blue_missileHit,Blue_railLaunch,Blue_railHit,Blue_moduleDestroyedVictim,Blue_disabledVictim,Blue_destroyedVictim,Blue_close,Blue_missiles,Blue_missileHits,Blue_rails,Blue_railHits,Blue_torpedoes,Blue_torpedoHits,Blue_amFailures,Blue_amJettisons,Red_contact,Red_identified,Red_locked,Red_missileLaunch,Red_missileHit,Red_railLaunch,Red_railHit,Red_moduleDestroyedVictim,Red_disabledVictim,Red_destroyedVictim,Red_close,Red_missiles,Red_missileHits,Red_rails,Red_railHits,Red_torpedoes,Red_torpedoHits,Red_amFailures,Red_amJettisons,Approach_seconds,Missile_seconds,Gunnery_seconds,Sniping_seconds,Brawl_seconds,stepMeanMs,stepP99Ms,stepMaxMs,Approach_stepMeanMs,Approach_stepP99Ms,Approach_stepMaxMs,Missile_stepMeanMs,Missile_stepP99Ms,Missile_stepMaxMs,Gunnery_stepMeanMs,Gunnery_stepP99Ms,Gunnery_stepMaxMs,Sniping_stepMeanMs,Sniping_stepP99Ms,Sniping_stepMaxMs,Brawl_stepMeanMs,Brawl_stepP99Ms,Brawl_stepMaxMs
0,0,Red,전력 상실,820.817,12.852,0,0.000,0.000,136.250,142.000,179.592,537.933,547.808,545.991,633.766,704.754,722.000,140,95,597,564,6,0,0,0,0.000,0.000,136.250,146.000,212.417,538.000,545.991,382.921,,,722.000,140,95,402,346,10,2,0,0,120.000,390.000,30.000,150.000,130.817,,,,,,,,,,,,,,,,,,
0,1,Blue,전력 상실,737.567,11.404,0,0.000,0.000,164.250,170.000,201.404,560.267,568.257,516.596,,678.546,,120,92,169,108,0,0,0,1,0.000,0.000,164.250,170.000,209.450,560.267,568.257,466.133,621.017,,,140,87,408,319,5,0,0,0,180.000,330.000,30.000,120.000,77.567,,,,,,,,,,,,,,,,,,
1,0,Red,전력 상실,691.167,10.779,0,0.000,0.000,130.750,142.000,173.500,541.933,549.925,570.714,659.021,570.714,686.000,140,92,339,310,6,3,0,0,0.000,0.000,130.750,142.000,282.663,543.867,551.888,347.667,609.995,580.868,686.000,120,85,131,65,0,0,0,0,120.000,420.000,0.000,30.000,121.167,,,,,,,,,,,,,,,,,,
1,1,Red,전력 상실,735.600,11.464,0,0.000,0.000,128.250,126.000,192.446,541.767,549.742,509.592,623.615,,710.000,136,99,190,152,0,0,0,0,0.000,0.000,128.250,134.000,235.525,542.583,550.519,549.742,646.630,,710.000,140,95,219,196,8,0,0,0,120.000,420.000,30.000,90.000,75.600,,,,,,,,,,,,,,,,,,
2,0,Red,전력 상실,719.500,11.705,0,0.000,0.000,134.250,148.000,284.138,537.600,545.570,488.096,592.966,628.013,,124,83,50,27,0,0,0,0,0.000,0.000,134.250,148.000,185.679,535.017,543.001,387.842,,522.371,,128,77,316,280,0,0,1,1,120.000,390.000,30.000,150.000,29.500,,,,,,,,,,,,,,,,,,
2,1,Red,전력 상실,624.867,9.237,1,0.000,0.000,154.250,148.000,249.000,511.550,519.542,273.917,549.290,273.917,,120,83,10,10,0,0,1,0,0.000,0.000,154.250,148.000,284.163,511.467,519.458,441.021,,,,126,80,125,88,0,0,0,0,120.000,360.000,0.000,120.000,24.867,,,,,,,,,,,,,,,,,,
3,0,Red,전력 상실,803.800,13.516,0,0.000,0.000,165.500,168.000,269.442,561.617,569.547,508.804,669.377,,695.000,140,87,294,248,8,0,0,0,0.000,0.000,165.500,168.000,205.592,558.150,566.124,467.271,619.967,,695.000,140,91,376,352,8,0,0,0,150.000,390.000,30.000,120.000,113.800,,,,,,,,,,,,,,,,,,
3,1,Red,전력 상실,722.183,11.065,0,0.000,0.000,160.250,170.000,201.354,564.483,572.474,493.983,602.207,,,130,83,100,60,0,0,0,0,0.000,0.000,160.250,170.000,341.058,563.017,571.003,515.179,700.487,,,140,82,521,451,1,0,0,0,150.000,360.000,30.000,90.000,92.183,,,,,,,,,,,,,,,,,,
4,0,Blue,전력 상실,839.800,12.663,0,0.000,0.000,134.250,132.000,198.358,529.317,537.343,504.558,653.548,504.558,724.000,136,86,340,253,8,0,1,0,0.000,0.000,134.250,132.000,198.442,529.267,537.313,505.454,742.280,,724.000,140,89,394,334,6,0,0,2,120.000,360.000,30.000,210.000,119.800,,,,,,,,,,,,,,,,,,
4,1,Blue,전력 상실,879.117,18.012,0,0.000,0.000,146.250,148.000,315.138,543.150,551.093,423.046,629.547,645.058,682.000,140,82,437,410,8,2,0,0,0.000,0.000,146.250,148.000,255.088,542.967,550.918,476.000,833.847,,682.000,140,99,1057,842,3,2,0,1,120.000,390.000,0.000,120.000,249.117,,,,,,,,,,,,,,,,,,
5,0,Red,전력 상실,700.333,12.292,1,0.000,0.000,131.750,150.000,181.367,543.933,551.931,537.879,638.466,700.330,,130,101,67,51,0,0,0,0,0.000,0.000,131.750,150.000,292.042,542.967,550.950,14.300,,14.300,,120,83,159,115,0,0,1,0,120.000,390.000,30.000,150.000,10.333,,,,,,,,,,,,,,,,,,
5,1,Blue,전력 상실,935.700,18.853,5,0.000,0.000,146.250,158.000,224.321,546.517,554.496,14.608,717.839,,779.000,140,90,792,725,9,1,0,0,0.000,0.000,146.250,158.000,294.596,548.450,556.419,282.075,704.383,,779.000,140,87,470,400,4,1,0,0,150.000,390.000,60.000,60.000,275.700,,,,,,,,,,,,,,,,,,
6,0,Blue,전력 상실,695.900,10.504,1,0.000,0.000,178.250,190.000,325.979,545.867,553.801,7.525,,,,140,78,433,382,0,0,0,0,0.000,0.000,178.250,180.000,316.000,545.200,553.176,435.729,611.396,682.508,,120,88,23,13,0,0,0,0,180.000,330.000,0.000,120.000,65.900,,,,,,,,,,,,,,,,,,
6,1,Blue,전력 상실,821.800,15.744,1,0.000,0.000,160.250,170.000,201.350,566.567,574.521,498.013,677.065,,746.000,140,84,484,348,2,0,0,0,0.000,0.000,160.250,170.000,236.517,568.567,576.495,7.504,622.628,,746.000,140,89,378,286,0,0,0,0,150.000,390.000,30.000,60.000,191.800,,,,,,,,,,,,,,,,,,
7,0,Red,전력 상실,731.783,12.258,0,0.000,0.000,131.000,132.000,198.163,524.767,532.797,480.667,674.278,694.243,,140,89,249,201,0,0,0,0,0.000,0.000,131.000,132.000,202.971,522.567,530.613,480.692,677.381,,,128,91,227,199,0,0,0,0,120.000,360.000,30.000,150.000,71.783,,,,,,,,,,,,,,,,,,
7,1,Red,전력 상실,692.333,9.705,0,0.000,0.000,134.250,132.000,198.379,589.867,594.103,439.971,655.878,439.971,,116,68,92,63,0,0,0,0,0.000,0.000,134.250,136.000,274.046,513.967,519.805,517.583,597.180,648.662,,120,70,181,85,0,0,0,0,120.000,360.000,0.000,212.333,0.000,,,,,,,,,,,,,,,,,,
8,0,Blue,전력 상실,661.133,9.876,0,0.000,0.000,131.000,132.000,198.263,540.667,548.658,521.563,,,655.000,140,78,209,155,0,0,0,0,0.000,0.000,131.000,132.000,163.767,540.633,548.622,403.442,586.029,,655.000,120,83,76,53,0,0,0,0,120.000,360.000,0.000,120.000,61.133,,,,,,,,,,,,,,,,,,
8,1,Blue,전력 상실,783.783,11.209,0,0.000,0.000,146.250,148.000,284.000,547.567,555.555,388.267,622.578,,691.000,140,80,266,225,2,0,0,0,0.000,0.000,146.250,148.000,249.167,545.717,553.708,482.871,605.690,633.699,691.000,140,107,455,402,3,0,1,0,120.000,390.000,0.000,90.000,183.783,,,,,,,,,,,,,,,,,,
9,0,Red,전력 상실,1106.783,22.053,0,0.000,0.000,130.750,142.000,282.938,535.383,545.168,317.558,613.742,317.558,730.000,136,88,897,812,8,4,1,0,0.000,0.000,130.750,142.000,208.242,535.317,543.309,470.025,668.952,,730.000,140,98,1083,1057,10,5,0,0,120.000,360.000,30.000,120.000,476.783,,,,,,,,,,,,,,,,,,
9,1,Blue,전력 상실,721.633,11.205,0,0.000,0.000,134.250,132.000,163.583,551.483,559.427,488.033,677.790,488.033,,128,84,146,94,0,0,1,0,0.000,0.000,134.250,136.000,278.671,554.467,562.399,491.908,610.669,,,140,83,204,159,0,0,0,0,120.000,390.000,0.000,151.633,60.000,,,,,,,,,,,,,,,,,,
10,0,Blue,전력 상실,687.633,11.353,0,0.000,0.000,131.250,132.000,198.267,557.750,565.694,462.938,,646.727,,140,88,299,225,0,0,0,0,0.000,0.000,131.250,132.000,272.254,557.817,565.791,565.694,627.924,,,120,77,33,22,0,0,0,0,120.000,420.000,0.000,90.000,57.633,,,,,,,,,,,,,,,,,,
10,1,Blue,전력 상실,850.650,12.592,0,0.000,0.000,128.250,134.000,173.504,543.833,551.777,431.050,649.445,,739.000,140,84,340,312,6,3,0,0,0.000,0.000,128.250,134.000,204.825,549.250,557.153,486.817,591.096,,739.000,140,75,863,755,1,1,0,0,120.000,420.000,30.000,60.000,220.650,,,,,,,,,,,,,,,,,,
11,0,Blue,전력 상실,738.133,11.714,0,0.000,0.000,132.250,142.000,213.538,542.517,550.520,523.383,,,733.000,140,94,552,475,0,0,0,1,0.000,0.000,132.250,146.000,183.667,544.217,552.197,386.158,641.275,,733.000,140,80,145,131,0,0,0,0,120.000,390.000,30.000,60.000,138.133,,,,,,,,,,,,,,,,,,
11,1,Red,전력 상실,738.700,11.597,0,0.000,0.000,164.250,158.250,224.567,556.033,564.021,484.075,720.159,579.025,,128,84,169,150,0,0,0,0,0.000,0.000,160.500,160.000,261.488,555.933,563.925,504.533,731.865,,,140,84,164,131,0,0,0,0,150.000,390.000,30.000,120.000,48.700,,,,,,,,,,,,,,,,,,
12,0,Red,전력 상실,809.833,13.030,0,0.000,0.000,130.750,132.000,163.550,524.767,532.801,505.304,620.199,,682.000,140,82,635,611,9,4,0,0,0.000,0.000,130.750,132.000,198.263,523.017,531.061,427.163,647.743,,682.000,140,95,382,305,4,0,0,0,120.000,390.000,30.000,120.000,149.833,,,,,,,,,,,,,,,,,,
12,1,Blue,전력 상실,897.700,15.384,0,0.000,0.000,146.250,152.000,288.279,541.350,549.340,428.671,700.629,709.324,768.000,140,99,659,536,10,0,0,0,0.000,0.000,146.250,152.000,183.492,544.733,552.695,440.288,723.665,,768.000,140,86,607,584,9,2,0,0,150.000,360.000,30.000,150.000,207.700,,,,,,,,,,,,,,,,,,
13,0,Red,전력 상실,704.217,9.320,0,0.000,0.000,166.500,166.000,232.000,552.050,564.676,517.875,617.186,692.213,,140,88,95,67,0,0,0,0,0.000,0.000,166.500,164.250,235.413,555.267,563.232,536.246,700.596,,,120,83,90,69,0,0,0,0,180.000,360.000,0.000,150.000,14.217,,,,,,,,,,,,,,,,,,
13,1,Blue,전력 상실,939.900,14.172,0,0.000,0.000,164.250,170.000,236.188,570.267,578.256,543.467,681.327,,765.000,140,83,606,589,5,2,0,0,0.000,0.000,164.250,170.000,236.271,570.517,578.494,584.727,773.230,685.773,765.000,140,78,633,541,8,6,0,0,180.000,390.000,0.000,90.000,279.900,,,,,,,,,,,,,,,,,,
14,0,Blue,전력 상실,686.483,12.342,0,0.000,0.000,134.250,146.000,287.517,543.800,548.329,445.404,647.014,,,140,78,184,146,0,0,0,0,0.000,0.000,134.250,146.000,216.783,547.050,556.908,498.821,620.117,,,120,96,101,86,0,0,0,0,120.000,390.000,0.000,120.000,56.483,,,,,,,,,,,,,,,,,,
14,1,Blue,전력 상실,696.317,11.767,0,0.000,0.000,128.250,132.000,198.288,583.617,589.056,484.442,666.978,,,120,72,157,78,0,0,0,0,0.000,0.000,128.250,132.000,198.271,616.200,620.965,273.267,685.320,493.583,,120,82,97,90,0,0,0,0,120.000,420.000,0.000,156.317,0.000,,,,,,,,,,,,,,,,,,
15,0,Red,전력 상실,679.567,11.338,0,0.000,0.000,132.250,146.000,286.383,543.783,553.454,360.513,643.770,360.513,,120,82,50,32,0,0,1,0,0.000,0.000,132.250,150.000,181.450,544.750,552.724,474.038,647.156,,,120,72,90,74,0,0,0,0,150.000,390.000,0.000,139.567,0.000,,,,,,,,,,,,,,,,,,
15,1,Blue,전력 상실,766.583,14.545,1,0.000,0.000,134.250,132.000,163.550,524.783,532.827,435.288,641.394,648.162,745.000,140,99,247,186,0,0,0,0,0.000,0.000,134.250,132.000,163.621,524.800,532.846,435.271,600.687,,745.000,140,97,354,328,3,1,0,0,120.000,360.000,30.000,120.000,136.583,,,,,,,,,,,,,,,,,,
16,0,Red,전력 상실,727.583,11.715,0,0.000,0.000,178.500,190.000,291.429,670.367,674.596,487.392,630.535,512.108,695.000,118,79,27,19,0,0,0,0,0.000,0.000,178.500,190.000,227.479,568.533,602.416,532.904,623.929,,695.000,120,68,183,146,0,0,0,0,180.000,330.000,30.000,150.000,37.583,,,,,,,,,,,,,,,,,,
16,1,Red,전력 상실,946.983,15.394,0,0.000,0.000,159.750,176.000,283.354,537.017,545.006,511.929,700.870,,750.000,140,87,886,853,10,3,0,0,0.000,0.000,159.750,176.000,277.304,536.967,544.956,380.167,632.555,380.167,750.000,136,85,592,575,8,0,1,0,150.000,330.000,60.000,150.000,256.983,,,,,,,,,,,,,,,,,,
17,0,Blue,전력 상실,699.683,12.079,0,0.000,0.000,131.750,138.000,314.942,540.233,548.226,514.033,637.396,,,140,85,490,447,0,0,0,1,0.000,0.000,131.750,138.000,278.413,540.367,548.349,378.200,584.740,,,120,79,90,86,0,0,0,0,120.000,390.000,0.000,90.000,99.683,,,,,,,,,,,,,,,,,,
17,1,Blue,전력 상실,849.983,13.077,0,0.000,0.000,146.500,148.000,253.129,552.467,560.445,472.200,667.414,,759.000,140,78,661,612,10,2,0,0,0.000,0.000,146.500,148.000,179.471,553.083,561.069,391.417,620.748,,759.000,140,91,646,569,2,0,0,1,120.000,390.000,0.000,120.000,219.983,,,,,,,,,,,,,,,,,,
18,0,Red,전력 상실,697.183,10.004,0,0.000,0.000,131.750,146.000,251.450,546.733,554.696,494.754,576.790,,,140,80,229,194,4,0,0,0,0.000,0.000,131.750,146.000,247.142,545.000,552.992,470.579,674.378,,,120,79,49,44,0,0,0,0,120.000,420.000,0.000,60.000,97.183,,,,,,,,,,,,,,,,,,
18,1,Red,전력 상실,729.417,10.378,0,0.000,0.000,134.250,132.000,198.371,587.883,595.502,441.196,667.670,,,140,99,261,199,5,0,0,0,0.000,0.000,134.250,136.000,267.971,542.400,550.386,457.475,681.174,457.475,,132,95,227,191,0,0,2,0,120.000,360.000,30.000,150.000,69.417,,,,,,,,,,,,,,,,,,
19,0,Blue,전력 상실,845.183,16.795,1,0.000,0.000,136.250,148.000,318.938,539.017,547.004,185.667,668.820,,696.000,140,92,449,334,0,0,0,0,0.000,0.000,136.250,148.000,185.667,537.200,545.182,573.777,624.004,,696.000,140,84,348,338,5,1,0,0,120.000,390.000,60.000,90.000,185.183,,,,,,,,,,,,,,,,,,
19,1,Red,전력 상실,779.733,15.068,0,0.000,0.000,134.250,132.000,171.500,543.267,551.254,463.646,623.884,,737.000,140,87,451,410,8,1,0,0,0.000,0.000,134.250,136.000,272.546,554.683,562.580,569.867,627.802,,737.000,140,101,291,257,6,1,0,0,120.000,420.000,30.000,90.000,119.733,,,,,,,,,,,,,,,,,,
