rangeMeters,approach,defenses,trials,launches,hits,intercepted,expired,carrierLosses,engineKills,meanFlightSeconds
2000,dorsal,NONE,8,8,8,0,0,0,8,2.600
3500,dorsal,NONE,8,8,8,0,0,0,8,3.900
5000,dorsal,NONE,8,8,8,0,0,0,8,4.967
10000,dorsal,NONE,8,8,0,0,8,0,0,6.783
2000,stern_below,NONE,8,8,8,0,0,0,8,2.667
3500,stern_below,NONE,8,8,8,0,0,0,8,3.950
5000,stern_below,NONE,8,8,8,0,0,0,8,5.017
10000,stern_below,NONE,8,8,0,0,8,0,0,6.783
2000,dorsal,PD+DRONES,8,8,0,8,0,0,0,0.713
3500,dorsal,PD+DRONES,8,8,0,8,0,0,0,1.098
5000,dorsal,PD+DRONES,8,8,0,8,0,0,0,2.104
10000,dorsal,PD+DRONES,8,8,0,7,1,0,0,6.263
2000,stern_below,PD+DRONES,8,8,2,6,0,0,2,2.204
3500,stern_below,PD+DRONES,8,8,5,3,0,0,5,3.815
5000,stern_below,PD+DRONES,8,8,5,3,0,0,5,4.906
10000,stern_below,PD+DRONES,8,8,0,0,8,0,0,6.783
