seed,mirror,winner,reason,outcomeTime,wallSeconds,friendlyCollisions,Blue_contact,Blue_identified,Blue_locked,Blue_missileLaunch,Blue_missileHit,Blue_railLaunch,Blue_railHit,Blue_moduleDestroyedVictim,Blue_disabledVictim,Blue_destroyedVictim,Blue_close,Blue_missiles,Blue_missileHits,Blue_rails,Blue_railHits,Red_contact,Red_identified,Red_locked,Red_missileLaunch,Red_missileHit,Red_railLaunch,Red_railHit,Red_moduleDestroyedVictim,Red_disabledVictim,Red_destroyedVictim,Red_close,Red_missiles,Red_missileHits,Red_rails,Red_railHits,Approach_seconds,Missile_seconds,Gunnery_seconds,Sniping_seconds,Brawl_seconds,stepMeanMs,stepP99Ms,stepMaxMs
1,0,Red,시간 제한,1500.000,20.298,2,0.000,0.000,136.250,146.000,317.288,578.250,579.524,19.533,640.478,1235.100,848.000,134,73,870,870,0.000,0.000,136.250,146.000,212.225,580.250,581.685,586.312,697.874,,848.000,136,72,1130,1034,240.000,450.000,0.000,30.000,780.000,,,
1,1,Draw,시간 제한,1500.000,14.645,0,0.000,0.000,171.000,142.000,179.517,582.250,583.603,523.346,655.298,,788.000,133,63,955,944,0.000,0.000,171.000,142.000,208.100,572.317,573.645,582.633,612.808,,788.000,134,87,873,860,120.000,420.000,90.000,60.000,810.000,,,
2,0,Blue,시간 제한,1500.000,13.921,1,0.000,0.000,165.250,172.250,273.783,592.250,593.633,614.258,756.257,,881.000,140,70,876,870,0.000,0.000,165.250,172.250,273.533,612.250,613.688,602.946,634.928,782.703,881.000,126,61,815,815,570.000,420.000,0.000,30.000,480.000,,,
2,1,Red,시간 제한,1500.000,13.851,0,0.000,0.000,171.000,142.000,179.521,580.250,581.693,561.619,669.981,,826.000,140,84,1000,998,0.000,0.000,171.000,142.000,208.113,560.250,561.436,592.943,786.692,,826.000,140,76,1168,1166,390.000,420.000,30.000,30.000,630.000,,,
3,0,Blue,전력 상실,1321.450,14.056,0,0.000,0.000,179.250,196.000,367.092,632.250,633.736,641.954,850.069,,853.000,140,74,1132,1102,0.000,0.000,179.250,196.000,356.150,626.267,628.066,441.067,688.999,,853.000,137,68,959,936,180.000,420.000,0.000,0.000,721.450,,,
3,1,Draw,시간 제한,1500.000,13.530,1,0.000,0.000,172.250,184.000,324.304,618.250,619.585,632.748,695.511,,855.000,126,65,1063,1052,0.000,0.000,172.250,184.000,285.100,624.250,625.675,31.608,31.608,,855.000,120,60,1003,938,150.000,420.000,300.000,30.000,600.000,,,
4,0,Blue,전력 상실,734.917,8.182,0,0.000,0.000,134.250,148.000,253.417,595.000,597.198,566.795,572.760,,,135,59,37,32,0.000,0.000,134.250,148.000,249.171,564.250,566.636,464.671,528.225,,,132,72,462,434,120.000,420.000,0.000,30.000,164.917,,,
4,1,Blue,전력 상실,829.117,8.878,5,0.000,0.000,145.500,152.000,282.538,538.000,538.703,433.896,553.171,,809.000,137,71,490,446,0.000,0.000,145.500,152.000,189.667,538.000,540.595,294.133,557.596,,809.000,139,98,443,420,150.000,360.000,30.000,30.000,259.117,,,
5,0,Draw,시간 제한,1500.000,13.891,0,0.000,0.000,146.250,170.000,201.271,590.333,592.343,588.937,683.606,,840.000,138,80,896,896,0.000,0.000,146.250,170.000,306.400,586.000,588.937,600.542,699.217,,840.000,136,49,1034,1024,210.000,420.000,0.000,0.000,870.000,,,
5,1,Red,전력 상실,1044.467,10.760,0,0.000,0.000,157.500,168.000,239.000,578.250,579.802,309.129,675.738,,862.000,134,63,993,991,0.000,0.000,157.500,168.000,205.167,582.250,583.502,580.934,683.939,,862.000,140,73,989,977,150.000,420.000,0.000,0.000,474.467,,,
6,0,Draw,시간 제한,1500.000,19.970,3,0.000,0.000,167.000,176.000,317.938,590.250,591.628,7.746,678.233,,802.000,136,79,1133,1116,0.000,0.000,167.000,176.000,206.717,594.250,595.665,521.433,668.368,,802.000,133,61,1000,999,360.000,420.000,0.000,0.000,720.000,,,
6,1,Red,시간 제한,1500.000,15.416,2,0.000,0.000,168.250,176.000,281.921,593.000,595.129,603.886,687.759,,864.000,128,63,1022,1011,0.000,0.000,168.250,176.000,213.667,602.250,603.844,7.638,704.267,7.638,864.000,135,73,747,685,330.000,420.000,30.000,30.000,690.000,,,
7,0,Red,전력 상실,1187.850,12.407,5,0.000,0.000,185.000,156.000,193.388,612.500,617.787,621.523,693.709,788.849,829.000,140,67,805,769,0.000,0.000,185.000,156.000,297.329,612.250,613.645,619.177,704.826,,829.000,125,67,1285,1275,150.000,450.000,0.000,0.000,587.850,,,
7,1,Red,시간 제한,1500.000,14.018,0,0.000,0.000,189.250,160.000,191.508,594.250,595.562,596.291,655.674,1045.950,894.000,128,55,970,968,0.000,0.000,189.250,152.250,288.829,594.250,595.684,606.164,743.977,,894.000,140,89,1296,1276,240.000,420.000,210.000,0.000,630.000,,,
8,0,Draw,시간 제한,1500.000,15.163,0,0.000,0.000,136.250,148.000,253.583,568.250,569.648,604.851,664.077,902.604,831.000,134,61,1108,1094,0.000,0.000,136.250,148.000,249.283,592.250,593.581,577.154,654.696,820.662,831.000,134,82,1240,1223,240.000,420.000,30.000,0.000,810.000,,,
8,1,Draw,시간 제한,1500.000,15.254,0,0.000,0.000,156.250,166.250,267.529,592.250,593.760,548.429,686.732,,821.000,136,52,1042,1042,0.000,0.000,156.250,168.000,205.475,585.000,597.773,412.242,675.301,,821.000,138,90,1021,992,150.000,420.000,270.000,60.000,600.000,,,
9,0,Blue,전력 상실,917.867,9.418,0,0.000,0.000,134.250,146.000,251.379,576.450,577.926,602.327,652.108,,773.000,121,56,724,709,0.000,0.000,134.250,146.000,177.325,584.250,585.659,527.375,667.035,,773.000,136,67,828,805,120.000,450.000,0.000,0.000,347.867,,,
9,1,Blue,전력 상실,1062.750,10.471,0,0.000,0.000,171.250,142.000,179.533,580.250,581.601,574.959,646.330,,808.000,123,54,609,599,0.000,0.000,171.250,142.000,208.167,572.467,574.371,353.471,644.508,,808.000,138,86,758,714,120.000,450.000,0.000,0.000,492.750,,,
10,0,Red,시간 제한,1500.000,14.760,0,0.000,0.000,133.250,154.000,185.225,549.750,550.638,330.733,605.421,,828.000,138,87,672,643,0.000,0.000,133.250,154.000,224.646,549.750,551.190,552.985,683.207,,828.000,137,81,1036,993,150.000,390.000,150.000,30.000,780.000,,,
10,1,Red,시간 제한,1500.000,14.727,0,0.000,0.000,143.750,150.000,181.267,590.250,591.697,568.706,648.080,1079.830,798.000,137,61,875,859,0.000,0.000,145.500,150.000,321.313,566.250,567.966,592.829,647.528,,798.000,135,75,969,967,150.000,390.000,0.000,0.000,960.000,,,
11,0,Red,시간 제한,1500.000,19.628,1,0.000,0.000,134.250,144.000,280.500,586.250,587.926,599.873,614.275,,828.000,136,86,652,652,0.000,0.000,134.250,144.000,181.521,598.250,599.573,527.383,731.561,,828.000,140,62,875,849,150.000,450.000,0.000,0.000,900.000,,,
11,1,Draw,시간 제한,1500.000,15.398,6,0.000,0.000,157.250,162.000,227.708,600.300,601.887,571.796,723.501,,851.000,137,59,1008,996,0.000,0.000,157.250,162.000,232.579,602.400,604.170,587.583,701.132,,851.000,136,79,862,854,240.000,420.000,30.000,30.000,780.000,,,
12,0,Blue,시간 제한,1500.000,14.981,0,0.000,0.000,134.250,146.000,282.392,578.250,579.729,609.225,704.306,,784.000,137,86,1366,1354,0.000,0.000,134.250,146.000,183.667,598.250,599.525,590.913,651.034,,784.000,138,62,956,922,120.000,450.000,0.000,0.000,930.000,,,
12,1,Red,시간 제한,1500.000,13.806,0,0.000,0.000,177.000,148.000,284.292,580.250,581.716,591.596,642.411,922.613,845.000,132,48,891,891,0.000,0.000,177.000,148.000,185.683,578.250,579.658,595.071,670.474,922.613,845.000,137,93,1150,1126,150.000,450.000,180.000,0.000,720.000,,,
13,0,Draw,시간 제한,1500.000,14.547,11,0.000,0.000,193.250,164.000,195.429,605.717,607.876,611.670,664.813,,821.000,139,78,889,877,0.000,0.000,193.250,164.000,195.500,600.250,601.709,607.893,654.745,,821.000,124,54,910,905,390.000,450.000,0.000,0.000,660.000,,,
13,1,Blue,시간 제한,1500.000,14.516,1,0.000,0.000,168.250,176.000,281.896,618.250,619.532,556.254,707.892,,866.000,134,60,1085,1080,0.000,0.000,168.250,176.000,207.371,618.250,619.850,527.150,737.755,,866.000,140,89,1014,1010,150.000,450.000,30.000,30.000,840.000,,,
14,0,Draw,시간 제한,1500.000,14.557,0,0.000,0.000,148.250,156.000,193.525,592.250,593.589,193.667,662.145,,809.000,138,71,1138,1135,0.000,0.000,148.250,156.000,193.667,598.250,599.612,332.758,677.039,,809.000,139,68,1083,1081,150.000,420.000,60.000,0.000,870.000,,,
14,1,Blue,시간 제한,1500.000,15.031,1,0.000,0.000,171.000,142.000,179.608,533.250,540.249,25.792,673.942,547.833,890.000,140,77,644,580,0.000,0.000,171.000,142.000,248.696,533.250,535.662,536.079,551.163,666.908,890.000,138,88,397,343,180.000,390.000,30.000,60.000,840.000,,,
15,0,Red,전력 상실,1196.050,12.517,0,0.000,0.000,148.250,156.000,193.513,586.350,587.744,504.188,676.990,769.313,800.000,140,75,682,614,0.000,0.000,148.250,156.000,193.667,602.250,603.733,592.930,664.736,,800.000,131,54,1304,1298,150.000,390.000,0.000,30.000,626.050,,,
15,1,Blue,시간 제한,1500.000,13.119,3,0.000,0.000,185.500,156.500,187.888,582.000,595.696,538.488,659.301,,943.000,137,75,1073,1029,0.000,0.000,185.500,158.000,189.421,582.250,585.064,16.967,606.554,16.967,943.000,93,43,862,850,120.000,420.000,60.000,30.000,870.000,,,
16,0,Blue,전력 상실,1247.967,18.092,0,0.000,0.000,178.250,184.000,221.208,588.250,589.712,391.596,773.214,,800.000,138,72,781,759,0.000,0.000,178.250,180.000,281.013,596.250,597.650,430.733,632.493,,800.000,135,74,907,888,180.000,390.000,90.000,167.967,420.000,,,
16,1,Blue,시간 제한,1500.000,15.923,3,0.000,0.000,172.250,178.000,283.296,616.267,617.490,630.436,776.692,,854.000,140,83,1258,1250,0.000,0.000,172.250,178.000,283.338,628.250,629.554,23.313,706.539,,854.000,136,75,941,932,150.000,450.000,270.000,0.000,630.000,,,
17,0,Blue,시간 제한,1500.000,15.818,0,0.000,0.000,134.250,146.000,251.246,586.250,587.492,596.126,714.932,601.417,816.000,134,62,1020,1015,0.000,0.000,134.250,146.000,247.000,594.250,595.536,587.631,710.910,,816.000,140,69,1067,1066,120.000,450.000,60.000,150.000,720.000,,,
17,1,Draw,시간 제한,1500.000,14.109,0,0.000,0.000,164.750,182.000,219.713,614.250,615.502,559.404,672.830,,860.000,132,62,940,929,0.000,0.000,164.750,182.000,248.021,612.250,614.111,567.600,661.410,,860.000,133,74,785,785,270.000,390.000,90.000,30.000,720.000,,,
18,0,Draw,시간 제한,1500.000,14.275,2,0.000,0.000,134.250,140.000,171.479,578.400,580.158,16.767,680.270,16.767,845.000,107,65,879,873,0.000,0.000,134.250,140.000,210.192,582.250,584.157,560.604,662.653,,845.000,138,79,1067,1043,120.000,420.000,60.000,90.000,810.000,,,
18,1,Blue,전력 상실,1153.917,11.996,0,0.000,0.000,167.250,138.000,278.571,588.250,589.636,175.667,675.569,,839.000,130,60,1276,1268,0.000,0.000,167.250,138.000,175.667,568.250,569.469,596.994,713.011,,839.000,136,69,1021,1007,120.000,420.000,0.000,0.000,613.917,,,
19,0,Red,시간 제한,1500.000,14.315,0,0.000,0.000,132.750,146.000,217.588,570.400,571.822,585.408,668.700,,820.000,125,73,968,956,0.000,0.000,132.750,156.000,193.508,576.250,577.672,565.225,741.941,,820.000,140,63,1194,1175,120.000,450.000,30.000,0.000,900.000,,,
19,1,Blue,시간 제한,1500.000,13.874,4,0.000,0.000,167.250,138.000,208.438,580.250,581.664,454.238,692.739,,889.000,137,76,896,883,0.000,0.000,167.250,138.000,309.325,562.300,564.345,533.538,585.458,,889.000,140,75,752,707,120.000,390.000,0.000,30.000,960.000,,,
20,0,Blue,시간 제한,1500.000,14.181,3,0.000,0.000,146.250,154.000,224.942,588.283,589.691,601.753,645.695,,809.000,137,72,986,978,0.000,0.000,146.250,154.000,255.333,600.250,601.660,111.671,681.543,,809.000,129,70,960,955,180.000,420.000,0.000,30.000,870.000,,,
20,1,Red,전력 상실,758.317,8.671,0,0.000,0.000,167.250,138.000,208.379,586.250,587.661,588.295,638.292,,,120,45,698,685,0.000,0.000,167.250,138.000,208.571,578.250,579.496,600.166,648.446,,,136,72,471,451,120.000,450.000,0.000,0.000,188.317,,,
