seed,mirror,faction,callsign,kind,destroyed,disabled,operational,shieldFraction,moduleHealthFraction,propulsionFraction,weaponsFraction,rails,railHits,railRoundsRemaining,missiles,missileHits,missilesRemaining,torpedoes,torpedoHits,torpedoesRemaining,amFailures,amJettisons,shieldDamageReceived,moduleDamageReceived,modulesDestroyedInflicted,heatFraction
0,0,Blue,BB-01,Battleship,0,0,1,1.000,0.768,0.979,0.860,68,49,652,24,18,0,0,0,0,0,0,13705.172,1015.091,18,0.000
0,0,Blue,DD-11,Escort,0,0,1,1.000,1.000,1.000,1.000,0,0,640,16,15,0,0,0,0,0,0,0.000,0.000,1,0.000
0,0,Blue,DD-12,Escort,0,0,1,1.000,1.000,1.000,1.000,0,0,640,16,15,0,0,0,0,0,0,0.000,0.000,0,0.000
0,0,Blue,DD-31,Escort,0,1,0,0.000,0.477,0.000,0.000,52,23,588,16,12,0,0,0,0,0,0,441.037,971.870,21,0.000
0,0,Blue,DD-32,Escort,0,1,0,0.000,0.553,0.000,0.000,70,44,570,16,14,0,0,0,0,0,0,470.445,830.682,14,0.038
0,0,Blue,DD-33,Escort,1,0,0,0.000,0.000,0.000,0.000,86,61,554,16,10,0,0,0,0,0,0,400.000,567.749,10,0.000
0,0,Blue,DD-34,Escort,0,0,1,0.137,0.432,0.487,0.000,0,0,640,16,13,0,0,0,0,0,0,1550.169,1056.983,0,0.415
0,0,Blue,IC-21,Interceptor,0,0,1,1.000,1.000,1.000,1.000,63,62,137,4,2,0,0,0,2,0,0,0.000,0.000,1,0.008
0,0,Blue,IC-22,Interceptor,0,0,1,0.000,0.993,1.000,0.893,72,71,128,4,2,0,0,0,2,0,0,123.133,5.864,5,0.028
0,0,Blue,IC-23,Interceptor,0,0,1,1.000,1.000,1.000,1.000,2,2,198,4,3,0,0,0,2,0,0,0.000,0.000,0,0.000
0,0,Blue,IC-24,Interceptor,0,0,1,1.000,1.000,1.000,1.000,1,1,199,4,2,0,0,0,2,0,0,0.000,0.000,0,0.000
0,0,Blue,IC-25,Interceptor,0,0,1,1.000,1.000,1.000,1.000,43,41,157,2,1,2,0,0,2,0,0,0.000,0.000,0,0.006
0,0,Red,BB-X1,Battleship,0,1,0,0.000,0.206,0.000,0.000,2,2,718,24,18,0,0,0,0,0,0,7421.665,3469.216,2,0.000
0,0,Red,DD-X1,Escort,0,0,1,1.000,1.000,1.000,1.000,0,0,640,16,15,0,0,0,0,0,0,0.000,0.000,0,0.000
0,0,Red,DD-X2,Escort,0,0,1,1.000,1.000,1.000,1.000,0,0,640,16,15,0,0,0,0,0,0,0.000,0.000,0,0.000
0,0,Red,DD-X3,Escort,0,1,0,0.000,0.303,0.000,0.000,30,19,610,16,9,0,0,0,0,0,0,974.565,1297.227,7,0.454
0,0,Red,DD-X4,Escort,1,0,0,0.000,0.000,0.000,0.000,24,8,616,16,13,0,0,0,0,0,0,400.000,647.023,2,0.024
0,0,Red,DD-X5,Escort,0,1,0,0.000,0.043,0.000,0.000,34,12,606,16,11,0,0,0,0,0,0,1265.435,1779.306,3,0.261
0,0,Red,DD-X6,Escort,0,0,1,0.000,0.638,0.000,0.500,64,48,576,16,13,0,0,0,0,0,0,800.000,673.729,31,0.991
0,0,Red,IC-X1,Interceptor,0,0,1,1.000,1.000,1.000,1.000,0,0,200,0,0,4,0,0,2,0,0,0.000,0.000,0,0.000
0,0,Red,IC-X2,Interceptor,0,0,1,1.000,1.000,1.000,1.000,0,0,200,0,0,4,0,0,2,0,0,0.000,0.000,0,0.000
0,0,Red,IC-X3,Interceptor,0,0,1,1.000,1.000,1.000,1.000,0,0,200,0,0,4,0,0,2,0,0,0.000,0.000,0,0.000
0,0,Red,IC-X4,Interceptor,0,0,1,1.000,0.851,1.000,1.000,0,0,200,0,0,4,0,0,0,0,1,120.000,124.041,0,0.000
0,0,Red,IC-X5,Interceptor,0,0,1,1.000,1.000,1.000,1.000,0,0,200,0,0,4,0,0,2,0,0,0.000,0.000,0,0.000
0,1,Blue,BB-01,Battleship,0,0,1,0.500,0.615,1.000,0.159,26,26,694,24,19,0,0,0,0,0,0,8810.417,1682.693,17,0.000
0,1,Blue,DD-11,Escort,0,0,1,1.000,1.000,1.000,1.000,0,0,640,16,12,0,0,0,0,0,0,0.000,0.000,0,0.000
0,1,Blue,DD-12,Escort,0,0,1,1.000,1.000,1.000,1.000,0,0,640,16,15,0,0,0,0,0,0,0.000,0.000,0,0.000
0,1,Blue,DD-31,Escort,0,1,0,0.000,0.108,0.000,0.000,34,22,606,16,12,0,0,0,0,0,0,901.449,1660.000,12,0.000
0,1,Blue,DD-32,Escort,0,0,1,1.000,1.000,1.000,1.000,76,51,564,16,13,0,0,0,0,0,0,0.000,0.000,8,0.000
0,1,Blue,DD-33,Escort,0,0,1,0.000,0.907,1.000,0.934,82,55,558,16,15,0,0,0,0,0,0,400.000,172.086,11,0.018
0,1,Blue,DD-34,Escort,0,0,1,0.000,0.598,0.000,0.500,42,17,598,16,15,0,0,0,0,0,0,400.000,747.921,2,0.000
0,1,Blue,IC-21,Interceptor,0,0,1,0.167,1.000,1.000,1.000,16,15,184,4,1,0,2,0,0,0,0,100.000,0.000,1,0.073
0,1,Blue,IC-22,Interceptor,0,0,1,1.000,1.000,1.000,1.000,19,19,181,4,4,0,1,0,1,0,0,0.000,0.000,2,0.000
0,1,Blue,IC-23,Interceptor,0,0,1,1.000,1.000,1.000,1.000,18,18,182,4,1,0,0,0,2,0,0,0.000,0.000,0,0.000
0,1,Blue,IC-24,Interceptor,0,0,1,1.000,1.000,1.000,1.000,14,14,186,4,2,0,1,0,1,0,0,0.000,0.000,0,0.000
0,1,Blue,IC-25,Interceptor,0,0,1,1.000,1.000,1.000,1.000,22,20,178,4,3,0,1,0,1,0,0,100.000,0.000,5,0.028
0,1,Red,BB-X1,Battleship,0,1,0,0.000,0.310,0.000,0.000,16,16,704,24,18,0,0,0,0,0,0,13074.656,3017.043,5,0.000
0,1,Red,DD-X1,Escort,0,0,1,1.000,1.000,1.000,1.000,0,0,640,16,15,0,0,0,0,0,0,0.000,0.000,0,0.000
0,1,Red,DD-X2,Escort,0,0,1,1.000,1.000,1.000,1.000,0,0,640,16,13,0,0,0,0,0,0,0.000,0.000,0,0.000
0,1,Red,DD-X3,Escort,0,0,1,0.000,0.589,0.000,0.494,34,24,606,16,11,0,0,0,0,0,0,547.118,764.441,9,0.295
0,1,Red,DD-X4,Escort,0,1,0,0.000,0.224,0.000,0.000,32,20,608,16,13,0,0,0,0,0,0,422.604,1442.876,3,0.000
0,1,Red,DD-X5,Escort,0,1,0,0.000,0.286,0.000,0.000,34,26,606,16,13,0,0,0,0,0,0,428.729,1327.172,9,0.000
0,1,Red,DD-X6,Escort,0,1,0,0.000,0.202,0.000,0.000,14,12,626,16,15,0,0,0,0,0,0,752.245,1483.473,2,0.030
0,1,Red,IC-X1,Interceptor,0,0,1,1.000,1.000,1.000,1.000,0,0,200,0,0,4,0,0,2,0,0,0.000,0.000,0,0.000
0,1,Red,IC-X2,Interceptor,0,0,1,1.000,1.000,1.000,1.000,0,0,200,0,0,4,0,0,2,0,0,0.000,0.000,0,0.000
0,1,Red,IC-X3,Interceptor,0,0,1,1.000,1.000,1.000,1.000,0,0,200,0,0,4,0,0,2,0,0,0.000,0.000,0,0.000
0,1,Red,IC-X4,Interceptor,0,0,1,1.000,1.000,1.000,1.000,0,0,200,0,0,4,0,0,2,0,0,0.000,0.000,0,0.000
0,1,Red,IC-X5,Interceptor,0,0,1,1.000,1.000,1.000,1.000,0,0,200,0,0,4,0,0,2,0,0,0.000,0.000,0,0.000
1,0,Blue,BB-01,Battleship,0,0,1,0.826,0.679,1.000,0.000,10,10,710,24,19,0,0,0,0,0,0,11606.996,1401.651,26,0.000
1,0,Blue,DD-11,Escort,0,0,1,1.000,1.000,1.000,1.000,0,0,640,16,13,0,0,0,0,0,0,0.000,0.000,0,0.000
1,0,Blue,DD-12,Escort,0,0,1,1.000,1.000,1.000,1.000,0,0,640,16,13,0,0,0,0,0,0,0.000,0.000,0,0.000
1,0,Blue,DD-31,Escort,0,0,1,1.000,1.000,1.000,1.000,56,36,584,16,13,0,0,0,0,0,0,400.000,0.000,4,0.000
1,0,Blue,DD-32,Escort,0,0,1,1.000,1.000,1.000,1.000,58,38,582,16,15,0,0,0,0,0,0,0.000,0.000,12,0.000
1,0,Blue,DD-33,Escort,0,1,0,0.000,0.495,0.000,0.000,12,4,628,16,12,0,0,0,0,0,0,795.841,940.000,2,0.901
1,0,Blue,DD-34,Escort,0,0,1,1.000,0.995,1.000,1.000,46,21,594,16,13,0,0,0,0,0,0,400.000,9.971,3,0.000
1,0,Blue,IC-21,Interceptor,0,0,1,1.000,0.868,0.500,1.000,29,28,171,4,4,0,0,0,2,0,0,120.000,110.000,2,0.009
1,0,Blue,IC-22,Interceptor,1,0,0,0.000,0.000,0.000,0.000,18,18,182,4,2,0,0,0,0,1,0,151.600,135.000,2,0.000
1,0,Blue,IC-23,Interceptor,0,0,1,1.000,1.000,1.000,1.000,20,20,180,4,4,0,0,0,2,0,0,0.000,0.000,4,0.000
1,0,Blue,IC-24,Interceptor,1,0,0,0.000,0.000,0.000,0.000,20,19,180,4,2,0,0,0,0,1,0,120.000,40.000,1,0.000
1,0,Blue,IC-25,Interceptor,0,0,1,1.000,1.000,1.000,1.000,20,16,180,4,4,0,0,0,2,0,0,0.000,0.000,0,0.001
1,0,Red,BB-X1,Battleship,1,0,0,0.000,0.000,0.000,0.000,6,6,714,24,19,0,0,0,0,0,0,10658.055,1266.444,4,0.000
1,0,Red,DD-X1,Escort,0,0,1,1.000,1.000,1.000,1.000,0,0,640,16,13,0,0,0,0,0,0,0.000,0.000,0,0.000
1,0,Red,DD-X2,Escort,0,0,1,1.000,1.000,1.000,1.000,0,0,640,16,13,0,0,0,0,0,0,400.000,0.000,0,0.000
1,0,Red,DD-X3,Escort,0,1,0,0.000,0.340,0.000,0.000,48,30,592,16,13,0,0,0,0,0,0,400.000,1228.194,33,0.000
1,0,Red,DD-X4,Escort,0,1,0,0.000,0.542,0.000,0.000,52,24,588,16,14,0,0,0,0,0,0,576.458,851.190,4,0.264
1,0,Red,DD-X5,Escort,0,0,1,0.000,0.871,0.500,1.000,60,24,580,16,15,0,0,0,0,0,0,464.998,240.000,8,0.317
1,0,Red,DD-X6,Escort,0,1,0,0.000,0.330,0.000,0.000,0,0,640,16,11,0,0,0,0,0,0,2386.746,1246.050,0,0.048
1,0,Red,IC-X1,Interceptor,0,0,1,1.000,1.000,1.000,1.000,0,0,200,0,0,4,0,0,2,0,0,0.000,0.000,0,0.000
1,0,Red,IC-X2,Interceptor,0,0,1,1.000,1.000,1.000,1.000,0,0,200,0,0,4,0,0,2,0,0,0.000,0.000,0,0.000
1,0,Red,IC-X3,Interceptor,0,0,1,1.000,1.000,1.000,1.000,0,0,200,0,0,4,0,0,2,0,0,0.000,0.000,0,0.000
1,0,Red,IC-X4,Interceptor,0,0,1,1.000,1.000,1.000,1.000,0,0,200,0,0,4,0,0,2,0,0,0.000,0.000,0,0.000
1,0,Red,IC-X5,Interceptor,0,0,1,1.000,1.000,1.000,1.000,0,0,200,0,0,4,0,0,2,0,0,0.000,0.000,0,0.000
1,1,Blue,BB-01,Battleship,0,0,1,1.000,0.796,1.000,1.000,84,54,636,24,17,0,0,0,0,0,0,15123.086,889.757,11,0.000
1,1,Blue,DD-11,Escort,0,0,1,1.000,1.000,1.000,1.000,0,0,640,16,11,0,0,0,0,0,0,400.000,0.000,0,0.000
1,1,Blue,DD-12,Escort,0,0,1,0.000,0.679,0.000,0.500,0,0,640,16,14,0,0,0,0,0,0,400.000,597.573,1,0.145
1,1,Blue,DD-31,Escort,0,1,0,0.000,0.453,0.000,0.194,52,34,588,16,13,0,0,0,0,0,0,883.417,1018.098,8,1.250
1,1,Blue,DD-32,Escort,0,1,0,0.500,0.559,0.000,0.000,20,11,620,16,12,0,0,0,0,0,0,604.667,819.745,5,0.000
1,1,Blue,DD-33,Escort,0,1,0,0.000,0.095,0.000,0.000,16,4,624,16,12,0,0,0,0,0,0,1699.938,1683.585,1,1.250
1,1,Blue,DD-34,Escort,0,1,0,0.000,0.252,0.000,0.000,68,48,572,16,14,0,0,0,0,0,0,773.332,1392.087,3,1.022
1,1,Blue,IC-21,Interceptor,0,0,1,1.000,1.000,1.000,1.000,61,59,139,4,2,0,1,1,1,0,0,20.000,0.000,3,0.009
1,1,Blue,IC-22,Interceptor,0,0,1,1.000,1.000,1.000,1.000,67,65,133,4,2,0,1,1,1,0,0,0.000,0.000,1,0.015
1,1,Blue,IC-23,Interceptor,0,0,1,1.000,1.000,1.000,1.000,63,61,137,4,2,0,1,0,1,0,0,20.000,0.000,2,0.000
1,1,Blue,IC-24,Interceptor,0,0,1,1.000,1.000,1.000,1.000,60,59,140,4,3,0,1,1,1,0,0,40.000,0.000,4,0.008
1,1,Blue,IC-25,Interceptor,0,0,1,1.000,1.000,1.000,1.000,65,64,135,4,3,0,1,1,1,0,0,0.000,0.000,4,0.000
1,1,Red,BB-X1,Battleship,0,1,0,0.000,0.664,0.000,0.000,0,0,720,24,18,0,0,0,0,0,0,12090.703,1468.642,0,0.000
1,1,Red,DD-X1,Escort,0,0,1,1.000,1.000,1.000,1.000,106,36,534,16,13,0,0,0,0,0,0,0.000,0.000,4,0.000
1,1,Red,DD-X2,Escort,0,0,1,1.000,1.000,1.000,1.000,24,4,616,16,13,0,0,0,0,0,0,0.000,0.000,0,0.000
1,1,Red,DD-X3,Escort,0,0,1,0.000,1.000,1.000,1.000,200,160,440,16,13,0,0,0,0,0,0,400.000,0.000,13,0.000
1,1,Red,DD-X4,Escort,0,1,0,0.000,0.402,0.000,0.000,46,34,594,16,12,0,0,0,0,0,0,1964.688,1112.127,9,0.479
1,1,Red,DD-X5,Escort,0,1,0,0.000,0.150,0.000,0.000,50,41,590,16,13,0,0,0,0,0,0,449.072,1580.186,6,0.467
1,1,Red,DD-X6,Escort,0,1,0,0.000,0.325,0.000,0.000,36,24,604,16,14,0,0,0,0,0,0,1043.313,1255.868,1,0.000
1,1,Red,IC-X1,Interceptor,0,0,1,1.000,1.000,1.000,1.000,103,92,97,4,1,0,0,0,2,0,0,0.000,0.000,3,0.006
1,1,Red,IC-X2,Interceptor,0,0,1,1.000,1.000,1.000,1.000,96,84,104,4,1,0,0,0,2,0,0,0.000,0.000,3,0.000
1,1,Red,IC-X3,Interceptor,0,0,1,0.000,0.962,1.000,0.979,105,88,95,4,3,0,0,0,2,0,0,120.000,31.803,7,0.010
1,1,Red,IC-X4,Interceptor,0,0,1,1.000,0.868,1.000,0.872,79,72,121,4,1,0,0,0,2,0,0,245.218,110.342,3,0.000
1,1,Red,IC-X5,Interceptor,0,0,1,1.000,1.000,1.000,1.000,105,92,95,4,1,0,0,0,2,0,0,0.000,0.000,6,0.003
2,0,Blue,BB-01,Battleship,0,1,0,0.000,0.337,0.000,0.000,10,10,710,24,17,0,0,0,0,0,0,12365.799,2895.692,8,0.000
2,0,Blue,DD-11,Escort,0,0,1,1.000,1.000,1.000,1.000,20,14,620,16,9,0,0,0,0,0,0,0.000,0.000,2,0.000
2,0,Blue,DD-12,Escort,0,0,1,1.000,1.000,1.000,1.000,4,2,636,16,10,0,0,0,0,0,0,0.000,0.000,1,0.000
2,0,Blue,DD-31,Escort,0,1,0,0.000,0.645,0.000,0.000,14,6,626,16,14,0,0,0,0,0,0,873.328,659.854,2,0.026
2,0,Blue,DD-32,Escort,0,1,0,0.000,0.196,0.000,0.000,4,0,636,16,15,0,0,0,0,0,0,400.000,1495.230,0,0.000
2,0,Blue,DD-33,Escort,0,1,0,0.000,0.478,0.000,0.000,28,22,612,16,13,0,0,0,0,0,0,400.000,970.515,8,0.000
2,0,Blue,DD-34,Escort,0,0,1,0.000,0.460,0.500,0.000,24,10,616,16,13,0,0,0,0,0,0,1138.662,1005.245,5,0.110
2,0,Blue,IC-21,Interceptor,0,0,1,1.000,1.000,1.000,1.000,0,0,200,1,0,3,0,0,2,0,0,0.000,0.000,0,0.000
2,0,Blue,IC-22,Interceptor,0,0,1,1.000,1.000,1.000,1.000,1,1,199,1,0,3,0,0,2,0,0,0.000,0.000,0,0.000
2,0,Blue,IC-23,Interceptor,0,0,1,1.000,1.000,1.000,1.000,0,0,200,1,0,3,0,0,2,0,0,0.000,0.000,0,0.000
2,0,Blue,IC-24,Interceptor,0,0,1,1.000,1.000,1.000,1.000,0,0,200,2,0,2,0,0,2,0,0,0.000,0.000,0,0.000
2,0,Blue,IC-25,Interceptor,0,0,1,1.000,1.000,1.000,1.000,0,0,200,0,0,4,0,0,2,0,0,0.000,0.000,0,0.000
2,0,Red,BB-X1,Battleship,0,0,1,0.500,0.527,0.250,0.333,36,26,684,24,21,0,0,0,0,0,0,12864.153,2067.235,17,0.015
2,0,Red,DD-X1,Escort,0,0,1,1.000,1.000,1.000,1.000,0,0,640,16,13,0,0,0,0,0,0,0.000,0.000,0,0.000
2,0,Red,DD-X2,Escort,0,0,1,1.000,1.000,1.000,1.000,0,0,640,16,15,0,0,0,0,0,0,0.000,0.000,0,0.000
2,0,Red,DD-X3,Escort,0,0,1,0.000,0.864,1.000,0.000,88,66,552,16,10,0,0,0,0,0,0,800.000,252.272,7,0.023
2,0,Red,DD-X4,Escort,0,0,1,0.000,0.973,1.000,1.000,98,76,542,16,10,0,0,0,0,0,0,800.000,50.000,2,0.241
2,0,Red,DD-X5,Escort,0,1,0,0.000,0.220,0.000,0.000,56,48,584,16,14,0,0,0,0,0,0,400.000,1450.000,7,0.134
2,0,Red,DD-X6,Escort,0,1,0,0.000,0.904,0.000,0.000,102,87,538,16,13,0,0,0,0,0,0,400.000,179.421,15,0.049
2,0,Red,IC-X1,Interceptor,0,0,1,1.000,1.000,1.000,1.000,0,0,200,0,0,4,0,0,2,0,0,0.000,0.000,0,0.000
2,0,Red,IC-X2,Interceptor,0,0,1,1.000,1.000,1.000,1.000,0,0,200,0,0,4,0,0,2,0,0,0.000,0.000,0,0.000
2,0,Red,IC-X3,Interceptor,0,0,1,1.000,1.000,1.000,1.000,0,0,200,0,0,4,0,0,2,0,0,0.000,0.000,0,0.000
2,0,Red,IC-X4,Interceptor,0,0,1,1.000,1.000,1.000,1.000,0,0,200,0,0,4,0,0,2,0,0,0.000,0.000,0,0.000
2,0,Red,IC-X5,Interceptor,0,0,1,1.000,1.000,1.000,1.000,0,0,200,0,0,4,0,0,2,0,0,0.000,0.000,0,0.000
2,1,Blue,BB-01,Battleship,0,1,0,0.000,0.194,0.000,0.000,12,12,708,24,17,0,0,0,0,0,0,17622.273,3520.461,2,0.000
2,1,Blue,DD-11,Escort,0,1,0,0.000,0.389,0.000,0.000,24,24,616,16,12,0,0,0,0,0,0,400.000,1136.324,3,0.092
2,1,Blue,DD-12,Escort,0,1,0,0.000,0.330,0.000,0.000,0,0,640,16,10,0,0,0,0,0,0,454.250,1247.122,0,0.064
2,1,Blue,DD-31,Escort,1,0,0,0.000,0.000,0.000,0.000,60,38,580,16,15,0,0,0,0,0,0,668.626,707.759,15,0.373
2,1,Blue,DD-32,Escort,0,1,0,0.000,0.407,0.000,0.000,20,6,620,16,15,0,0,0,0,0,0,800.000,1103.007,3,0.011
2,1,Blue,DD-33,Escort,1,0,0,0.000,0.000,0.000,0.000,44,25,596,16,16,0,0,0,0,0,0,400.000,350.000,5,0.028
2,1,Blue,DD-34,Escort,0,1,0,0.000,0.249,0.000,0.000,32,21,608,16,15,0,0,0,0,0,0,473.646,1397.590,8,0.448
2,1,Blue,IC-21,Interceptor,0,0,1,1.000,0.901,1.000,0.957,200,191,0,4,2,0,2,2,0,0,0,122.967,82.822,4,0.083
2,1,Blue,IC-22,Interceptor,0,0,1,1.000,0.987,1.000,0.864,87,83,113,4,2,0,2,2,0,0,0,120.000,10.519,5,0.000
2,1,Blue,IC-23,Interceptor,0,0,1,1.000,0.997,1.000,0.957,115,110,85,4,3,0,2,0,0,0,0,120.000,2.345,3,0.000
2,1,Blue,IC-24,Interceptor,0,0,1,0.500,0.997,1.000,0.957,135,129,65,4,1,0,2,1,0,0,0,220.000,2.343,3,0.062
2,1,Blue,IC-25,Interceptor,0,0,1,0.000,0.944,1.000,0.702,155,152,45,4,1,0,2,2,0,0,0,249.333,46.430,7,0.002
2,1,Red,BB-X1,Battleship,0,0,1,1.000,0.635,0.750,0.192,106,66,614,24,18,0,0,0,0,0,0,12772.982,1595.969,14,0.000
2,1,Red,DD-X1,Escort,0,0,1,1.000,1.000,1.000,1.000,0,0,640,16,15,0,0,0,0,0,0,0.000,0.000,0,0.000
2,1,Red,DD-X2,Escort,0,0,1,0.000,0.562,0.000,0.500,0,0,640,16,15,0,0,0,0,0,0,400.000,815.330,0,0.508
2,1,Red,DD-X3,Escort,0,1,0,0.000,0.388,0.000,0.000,82,58,558,16,14,0,0,0,0,0,0,662.960,1137.819,45,0.242
2,1,Red,DD-X4,Escort,0,1,0,0.000,0.330,0.000,0.000,50,28,590,16,15,0,0,0,0,0,0,430.351,1166.947,3,0.000
2,1,Red,DD-X5,Escort,0,1,0,0.000,0.199,0.000,0.000,48,24,592,16,15,0,0,0,0,0,0,400.000,1490.438,0,0.014
2,1,Red,DD-X6,Escort,0,1,0,0.000,0.339,0.000,0.000,32,10,608,16,15,0,0,0,0,0,0,915.909,1230.000,2,0.000
2,1,Red,IC-X1,Interceptor,0,0,1,0.692,1.000,1.000,1.000,175,175,25,4,1,0,2,1,0,0,0,320.000,0.000,6,0.000
2,1,Red,IC-X2,Interceptor,0,0,1,1.000,0.992,1.000,0.872,116,116,84,4,1,0,2,0,0,0,0,168.000,7.022,7,0.017
2,1,Red,IC-X3,Interceptor,0,0,1,1.000,1.000,1.000,1.000,184,182,16,4,0,0,2,1,0,0,0,216.033,0.320,11,0.003
2,1,Red,IC-X4,Interceptor,0,0,1,0.168,0.974,1.000,0.620,107,106,93,4,0,0,2,2,0,0,0,260.000,21.468,3,0.000
2,1,Red,IC-X5,Interceptor,0,0,1,1.000,0.978,1.000,0.936,195,192,5,4,2,0,2,1,0,0,0,272.933,18.211,8,0.009
3,0,Blue,BB-01,Battleship,0,1,0,0.000,0.185,0.000,0.000,20,20,700,24,15,0,0,0,0,0,0,17792.355,3562.122,4,0.000
3,0,Blue,DD-11,Escort,0,1,0,0.000,0.431,0.000,0.000,0,0,640,16,15,0,0,0,0,0,0,824.938,1057.784,0,0.370
3,0,Blue,DD-12,Escort,0,1,0,0.000,0.655,0.000,0.000,0,0,640,16,14,0,0,0,0,0,0,1083.169,641.761,0,0.016
3,0,Blue,DD-31,Escort,0,1,0,0.000,0.221,0.000,0.000,90,73,550,16,15,0,0,0,0,0,0,485.247,1449.306,7,0.965
3,0,Blue,DD-32,Escort,0,1,0,0.000,0.418,0.000,0.097,68,52,572,16,15,0,0,0,0,0,0,400.000,1081.617,6,0.803
3,0,Blue,DD-33,Escort,0,1,0,0.000,0.102,0.000,0.000,56,43,584,16,15,0,0,0,0,0,0,400.000,1670.000,8,0.149
3,0,Blue,DD-34,Escort,0,1,0,0.000,0.634,0.000,0.000,42,36,598,16,13,0,0,0,0,0,0,1621.185,681.668,9,0.215
3,0,Blue,IC-21,Interceptor,0,0,1,0.000,0.978,1.000,0.732,139,139,61,4,2,0,2,2,0,0,0,192.533,18.243,2,0.000
3,0,Blue,IC-22,Interceptor,0,0,1,0.333,1.000,1.000,1.000,103,102,97,4,1,0,2,2,0,0,0,240.000,0.000,5,0.000
3,0,Blue,IC-23,Interceptor,0,0,1,1.000,1.000,1.000,1.000,200,200,0,4,3,0,2,1,0,0,0,120.000,0.000,5,0.000
3,0,Blue,IC-24,Interceptor,0,0,1,0.573,0.988,1.000,0.822,106,106,94,4,1,0,2,2,0,0,0,150.500,9.910,7,0.000
3,0,Blue,IC-25,Interceptor,0,0,1,1.000,1.000,1.000,1.000,149,148,51,4,1,0,2,2,0,0,0,280.000,0.000,17,0.000
3,0,Red,BB-X1,Battleship,0,0,1,1.000,0.592,0.707,0.167,92,62,628,24,19,0,0,0,0,0,0,10965.291,1781.257,15,0.000
3,0,Red,DD-X1,Escort,0,1,0,0.000,0.307,0.000,0.000,0,0,640,16,13,0,0,0,0,0,0,400.000,1288.255,0,0.159
3,0,Red,DD-X2,Escort,0,0,1,0.000,0.866,0.000,1.000,0,0,640,16,13,0,0,0,0,0,0,400.000,250.000,0,0.000
3,0,Red,DD-X3,Escort,0,1,0,0.000,0.571,0.000,0.000,10,9,630,16,14,0,0,0,0,0,0,400.000,797.525,1,0.000
3,0,Red,DD-X4,Escort,0,1,0,0.000,0.104,0.000,0.000,26,26,614,16,14,0,0,0,0,0,0,400.000,1666.801,5,0.000
3,0,Red,DD-X5,Escort,0,1,0,0.000,0.409,0.000,0.000,16,10,624,16,15,0,0,0,0,0,0,400.000,1100.000,0,0.000
3,0,Red,DD-X6,Escort,1,0,0,0.000,0.000,0.000,0.000,168,160,472,16,14,0,0,0,0,0,0,645.000,970.162,20,0.000
3,0,Red,IC-X1,Interceptor,0,0,1,1.000,1.000,1.000,1.000,172,171,28,4,1,0,2,1,0,0,0,100.000,0.000,12,0.020
3,0,Red,IC-X2,Interceptor,0,0,1,1.000,1.000,1.000,1.000,157,152,43,4,1,0,2,1,0,0,0,0.000,0.000,7,0.089
3,0,Red,IC-X3,Interceptor,0,0,1,1.000,1.000,1.000,1.000,152,147,48,4,0,0,2,1,0,0,0,163.767,0.162,5,0.041
3,0,Red,IC-X4,Interceptor,0,0,1,1.000,0.992,1.000,0.872,166,160,34,4,0,0,2,0,0,0,0,120.000,7.027,8,0.215
3,0,Red,IC-X5,Interceptor,0,0,1,0.338,0.993,1.000,0.901,200,196,0,4,0,0,2,1,0,0,0,164.433,5.444,9,0.000
3,1,Blue,BB-01,Battleship,0,1,0,0.000,0.132,0.000,0.000,20,18,700,24,19,0,0,0,0,0,0,14822.992,3791.098,3,0.000
3,1,Blue,DD-11,Escort,0,1,0,0.000,0.590,0.000,0.000,0,0,640,16,13,0,0,0,0,0,0,400.000,762.239,0,0.125
3,1,Blue,DD-12,Escort,0,1,0,0.000,0.345,0.000,0.000,0,0,640,16,13,0,0,0,0,0,0,954.146,1219.211,0,0.183
3,1,Blue,DD-31,Escort,0,1,0,0.000,0.417,0.000,0.000,54,53,586,16,16,0,0,0,0,0,0,514.625,1083.536,31,0.457
3,1,Blue,DD-32,Escort,0,1,0,0.000,0.265,0.000,0.000,34,32,606,16,15,0,0,0,0,0,0,400.000,1367.206,8,0.000
3,1,Blue,DD-33,Escort,1,0,0,0.000,0.000,0.000,0.000,60,56,580,16,16,0,0,0,0,0,0,400.000,820.000,29,0.136
3,1,Blue,DD-34,Escort,0,1,0,0.000,0.113,0.000,0.000,6,5,634,16,16,0,0,0,0,0,0,600.000,1649.074,1,1.008
3,1,Blue,IC-21,Interceptor,0,0,1,1.000,1.000,1.000,1.000,97,95,103,4,4,0,1,1,1,0,0,0.000,0.000,0,0.000
3,1,Blue,IC-22,Interceptor,0,0,1,1.000,1.000,1.000,1.000,77,76,123,4,4,0,1,1,1,0,0,0.000,0.000,0,0.000
3,1,Blue,IC-23,Interceptor,0,0,1,1.000,1.000,1.000,1.000,83,80,117,4,4,0,1,1,1,0,0,0.000,0.000,0,0.000
3,1,Blue,IC-24,Interceptor,0,0,1,1.000,1.000,1.000,1.000,96,96,104,4,4,0,1,1,1,0,0,0.000,0.000,2,0.000
3,1,Blue,IC-25,Interceptor,0,0,1,1.000,1.000,1.000,1.000,68,68,132,4,4,0,1,1,1,0,0,0.000,0.000,0,0.000
3,1,Red,BB-X1,Battleship,0,0,1,0.500,0.636,0.294,0.256,124,90,596,24,16,0,0,0,0,0,0,12094.934,1592.250,15,0.000
3,1,Red,DD-X1,Escort,0,0,1,1.000,1.000,1.000,1.000,0,0,640,16,15,0,0,0,0,0,0,0.000,0.000,0,0.000
3,1,Red,DD-X2,Escort,0,0,1,1.000,1.000,1.000,1.000,0,0,640,16,15,0,0,0,0,0,0,0.000,0.000,0,0.000
3,1,Red,DD-X3,Escort,0,1,0,0.000,0.214,0.000,0.000,52,37,588,16,14,0,0,0,0,0,0,400.000,1462.623,10,0.123
3,1,Red,DD-X4,Escort,1,0,0,0.000,0.000,0.000,0.000,74,52,566,16,14,0,0,0,0,0,0,400.000,671.163,8,0.052
3,1,Red,DD-X5,Escort,0,1,0,0.000,0.085,0.000,0.000,30,17,610,16,14,0,0,0,0,0,0,400.000,1701.818,3,0.000
3,1,Red,DD-X6,Escort,1,0,0,0.000,0.000,0.000,0.000,88,63,552,16,14,0,0,0,0,0,0,400.000,860.000,25,0.026
3,1,Red,IC-X1,Interceptor,0,0,1,1.000,1.000,1.000,1.000,81,80,119,4,2,0,2,2,0,0,0,80.000,0.000,6,0.025
3,1,Red,IC-X2,Interceptor,0,0,1,1.000,0.990,1.000,0.852,74,73,126,4,2,0,2,1,0,0,0,140.000,8.142,6,0.008
3,1,Red,IC-X3,Interceptor,0,0,1,1.000,1.000,1.000,1.000,134,130,66,4,2,0,1,1,1,0,0,0.000,0.000,7,0.004
3,1,Red,IC-X4,Interceptor,0,0,1,1.000,0.997,1.000,1.000,122,118,78,4,3,0,2,1,0,0,0,240.000,2.673,6,0.028
3,1,Red,IC-X5,Interceptor,0,0,1,1.000,0.991,1.000,1.000,71,69,129,4,2,0,1,1,0,0,1,240.000,7.219,6,0.000
4,0,Blue,BB-01,Battleship,0,0,1,1.000,0.610,0.750,0.233,22,18,698,24,18,0,0,0,0,0,0,12039.761,1702.972,31,0.000
4,0,Blue,DD-11,Escort,0,0,1,1.000,1.000,1.000,1.000,22,14,618,16,12,0,0,0,0,0,0,0.000,0.000,1,0.000
4,0,Blue,DD-12,Escort,0,0,1,1.000,1.000,1.000,1.000,22,14,618,16,11,0,0,0,0,0,0,0.000,0.000,1,0.000
4,0,Blue,DD-31,Escort,0,0,1,0.500,0.906,0.500,0.500,34,20,606,16,13,0,0,0,0,0,0,400.000,175.255,2,0.788
4,0,Blue,DD-32,Escort,0,0,1,1.000,1.000,1.000,1.000,32,8,608,16,13,0,0,0,0,0,0,0.000,0.000,2,0.000
4,0,Blue,DD-33,Escort,0,0,1,1.000,1.000,1.000,1.000,60,36,580,16,11,0,0,0,0,0,0,0.000,0.000,8,0.000
4,0,Blue,DD-34,Escort,0,0,1,1.000,1.000,1.000,1.000,28,6,612,16,12,0,0,0,0,0,0,0.000,0.000,0,0.000
4,0,Blue,IC-21,Interceptor,0,0,1,1.000,1.000,1.000,1.000,44,37,156,4,3,0,0,0,2,0,0,122.033,0.000,3,0.000
4,0,Blue,IC-22,Interceptor,0,0,1,1.000,1.000,1.000,1.000,41,34,159,4,3,0,0,0,2,0,0,0.000,0.000,0,0.000
4,0,Blue,IC-23,Interceptor,0,0,1,1.000,1.000,1.000,1.000,43,38,157,4,1,0,0,0,2,0,0,0.000,0.000,3,0.009
4,0,Blue,IC-24,Interceptor,0,0,1,1.000,1.000,1.000,1.000,48,43,152,4,2,0,0,0,2,0,0,0.000,0.000,1,0.000
4,0,Blue,IC-25,Interceptor,0,0,1,1.000,1.000,1.000,1.000,41,34,159,4,1,0,0,0,2,0,0,0.000,0.000,3,0.006
4,0,Red,BB-X1,Battleship,1,0,0,0.000,0.000,0.000,0.000,8,8,712,24,19,0,0,0,0,0,0,12056.982,1287.225,5,0.015
4,0,Red,DD-X1,Escort,0,0,1,1.000,1.000,1.000,1.000,0,0,640,16,12,0,0,0,0,0,0,0.000,0.000,0,0.012
4,0,Red,DD-X2,Escort,0,0,1,1.000,1.000,1.000,1.000,0,0,640,16,12,0,0,0,0,0,0,0.000,0.000,1,0.000
4,0,Red,DD-X3,Escort,0,1,0,0.000,0.302,0.000,0.000,0,0,640,16,13,0,0,0,0,0,0,804.350,1297.631,0,0.309
4,0,Red,DD-X4,Escort,0,0,1,0.000,0.419,0.000,0.000,26,3,614,16,12,0,0,0,0,0,0,800.000,1079.798,0,0.134
4,0,Red,DD-X5,Escort,0,1,0,0.000,0.513,0.000,0.000,0,0,640,16,15,0,0,0,0,0,0,1000.000,906.625,0,0.000
4,0,Red,DD-X6,Escort,0,1,0,0.000,0.833,0.000,0.500,30,2,610,16,13,0,0,0,0,0,0,400.000,310.000,0,0.152
4,0,Red,IC-X1,Interceptor,0,0,1,1.000,1.000,1.000,1.000,0,0,200,0,0,4,0,0,2,0,0,0.000,0.000,0,0.000
4,0,Red,IC-X2,Interceptor,0,0,1,1.000,1.000,1.000,1.000,0,0,200,0,0,4,0,0,2,0,0,0.000,0.000,0,0.000
4,0,Red,IC-X3,Interceptor,0,0,1,1.000,1.000,1.000,1.000,0,0,200,0,0,4,0,0,2,0,0,0.000,0.000,0,0.000
4,0,Red,IC-X4,Interceptor,0,0,1,1.000,1.000,1.000,1.000,0,0,200,0,0,4,0,0,2,0,0,0.000,0.000,0,0.000
4,0,Red,IC-X5,Interceptor,0,0,1,1.000,1.000,1.000,1.000,0,0,200,0,0,4,0,0,2,0,0,0.000,0.000,0,0.000
4,1,Blue,BB-01,Battleship,0,1,0,0.000,0.437,0.000,0.000,12,12,708,24,15,0,0,0,0,0,0,11832.365,2458.893,9,0.000
4,1,Blue,DD-11,Escort,0,0,1,1.000,1.000,1.000,1.000,0,0,640,16,16,0,0,0,0,0,0,0.000,0.000,0,0.000
4,1,Blue,DD-12,Escort,0,0,1,1.000,1.000,1.000,1.000,0,0,640,16,14,0,0,0,0,0,0,0.000,0.000,0,0.000
4,1,Blue,DD-31,Escort,0,1,0,0.000,0.567,0.000,0.000,0,0,640,16,14,0,0,0,0,0,0,883.366,805.086,0,0.000
4,1,Blue,DD-32,Escort,0,0,1,0.000,0.876,0.000,0.884,60,44,580,16,15,0,0,0,0,0,0,426.542,230.078,11,0.020
4,1,Blue,DD-33,Escort,0,1,0,0.000,0.181,0.000,0.000,12,4,628,16,13,0,0,0,0,0,0,1051.052,1523.040,2,1.250
4,1,Blue,DD-34,Escort,0,1,0,0.000,0.457,0.000,0.000,36,31,604,16,13,0,0,0,0,0,0,415.750,1010.000,4,0.120
4,1,Blue,IC-21,Interceptor,0,0,1,1.000,1.000,1.000,1.000,0,0,200,0,0,4,0,0,2,0,0,0.000,0.000,0,0.000
4,1,Blue,IC-22,Interceptor,0,0,1,1.000,1.000,1.000,1.000,0,0,200,0,0,4,0,0,2,0,0,0.000,0.000,0,0.000
4,1,Blue,IC-23,Interceptor,0,0,1,1.000,1.000,1.000,1.000,0,0,200,0,0,4,0,0,2,0,0,0.000,0.000,0,0.000
4,1,Blue,IC-24,Interceptor,0,0,1,1.000,1.000,1.000,1.000,0,0,200,0,0,4,0,0,2,0,0,0.000,0.000,0,0.000
4,1,Blue,IC-25,Interceptor,0,0,1,1.000,1.000,1.000,1.000,0,0,200,0,0,4,0,0,2,0,0,0.000,0.000,0,0.000
4,1,Red,BB-X1,Battleship,0,0,1,0.500,0.482,0.500,0.059,20,20,700,24,16,0,0,0,0,0,0,11775.221,2261.599,10,0.000
4,1,Red,DD-X1,Escort,0,0,1,1.000,1.000,1.000,1.000,0,0,640,16,13,0,0,0,0,0,0,0.000,0.000,0,0.000
4,1,Red,DD-X2,Escort,0,0,1,1.000,1.000,1.000,1.000,0,0,640,16,15,0,0,0,0,0,0,0.000,0.000,0,0.000
4,1,Red,DD-X3,Escort,0,0,1,1.000,1.000,1.000,1.000,30,28,610,16,13,0,0,0,0,0,0,0.000,0.000,4,0.000
4,1,Red,DD-X4,Escort,0,1,0,0.000,0.337,0.000,0.000,8,8,632,16,14,0,0,0,0,0,0,732.641,1232.454,4,0.000
4,1,Red,DD-X5,Escort,0,0,1,0.000,0.762,1.000,1.000,32,30,608,16,11,0,0,0,0,0,0,483.125,443.520,20,0.122
4,1,Red,DD-X6,Escort,0,0,1,0.500,0.788,0.000,0.500,24,16,616,16,13,0,0,0,0,0,0,600.000,394.934,3,0.000
4,1,Red,IC-X1,Interceptor,0,0,1,1.000,1.000,1.000,1.000,9,5,191,2,0,2,0,0,2,0,0,0.000,0.000,0,0.000
4,1,Red,IC-X2,Interceptor,0,0,1,0.833,1.000,1.000,1.000,11,6,189,2,1,2,0,0,2,0,0,20.000,0.000,0,0.000
4,1,Red,IC-X3,Interceptor,0,0,1,1.000,1.000,1.000,1.000,11,6,189,2,0,2,0,0,2,0,0,0.000,0.000,2,0.000
4,1,Red,IC-X4,Interceptor,0,0,1,1.000,1.000,1.000,1.000,12,6,188,2,0,2,0,0,2,0,0,0.000,0.000,0,0.000
4,1,Red,IC-X5,Interceptor,0,0,1,1.000,1.000,1.000,1.000,7,6,193,2,1,2,0,0,2,0,0,0.000,0.000,0,0.000
5,0,Blue,BB-01,Battleship,0,0,1,1.000,0.647,1.000,0.150,58,45,662,24,19,0,0,0,0,0,0,12155.581,1542.963,20,0.000
5,0,Blue,DD-11,Escort,0,0,1,1.000,1.000,1.000,1.000,0,0,640,16,15,0,0,0,0,0,0,0.000,0.000,0,0.000
5,0,Blue,DD-12,Escort,0,0,1,1.000,1.000,1.000,1.000,0,0,640,16,12,0,0,0,0,0,0,0.000,0.000,0,0.000
5,0,Blue,DD-31,Escort,0,0,1,0.000,0.756,0.000,0.500,76,66,564,16,14,0,0,0,0,0,0,470.335,453.624,8,0.000
5,0,Blue,DD-32,Escort,0,1,0,0.000,0.323,0.000,0.000,72,60,568,16,16,0,0,0,0,0,0,400.000,1260.000,13,0.000
5,0,Blue,DD-33,Escort,0,1,0,0.000,0.042,0.000,0.000,64,44,576,16,15,0,0,0,0,0,0,800.000,1782.459,15,0.742
5,0,Blue,DD-34,Escort,0,0,1,0.000,0.837,0.000,1.000,64,50,576,16,16,0,0,0,0,0,0,400.000,302.899,7,0.000
5,0,Blue,IC-21,Interceptor,0,0,1,1.000,0.914,1.000,1.000,28,18,172,4,3,0,2,2,0,0,0,0.000,0.000,0,0.000
5,0,Blue,IC-22,Interceptor,0,0,1,1.000,1.000,1.000,1.000,68,58,132,4,3,0,0,0,2,0,0,0.000,0.000,2,0.000
5,0,Blue,IC-23,Interceptor,0,0,1,1.000,1.000,1.000,1.000,91,82,109,4,3,0,1,1,1,0,0,0.000,0.000,3,0.000
5,0,Blue,IC-24,Interceptor,0,0,1,1.000,1.000,1.000,1.000,62,52,138,4,2,0,2,2,0,0,0,0.000,0.000,3,0.000
5,0,Blue,IC-25,Interceptor,0,0,1,1.000,1.000,1.000,1.000,81,71,119,4,2,0,1,1,1,0,0,0.000,0.000,6,0.000
5,0,Red,BB-X1,Battleship,1,0,0,0.000,0.000,0.000,0.000,10,10,710,24,18,0,0,0,0,0,0,15672.000,3590.000,20,0.413
5,0,Red,DD-X1,Escort,0,0,1,1.000,1.000,1.000,1.000,8,6,632,16,14,0,0,0,0,0,0,0.000,0.000,0,0.000
5,0,Red,DD-X2,Escort,0,0,1,1.000,1.000,1.000,1.000,40,32,600,16,14,0,0,0,0,0,0,0.000,0.000,14,0.000
5,0,Red,DD-X3,Escort,0,1,0,0.000,0.477,0.000,0.000,6,2,634,16,15,0,0,0,0,0,0,522.063,973.403,0,0.000
5,0,Red,DD-X4,Escort,0,1,0,0.000,0.265,0.000,0.000,16,9,624,16,15,0,0,0,0,0,0,504.475,1366.697,2,0.108
5,0,Red,DD-X5,Escort,0,1,0,0.000,0.303,0.000,0.000,0,0,640,16,13,0,0,0,0,0,0,540.993,1295.949,0,0.000
5,0,Red,DD-X6,Escort,1,0,0,0.000,0.000,0.000,0.000,26,22,614,16,15,0,0,0,0,0,0,400.000,1240.000,10,0.245
5,0,Red,IC-X1,Interceptor,0,0,1,1.000,1.000,1.000,1.000,94,90,106,4,4,0,1,1,1,0,0,0.000,0.000,7,0.000
5,0,Red,IC-X2,Interceptor,0,0,1,1.000,1.000,1.000,1.000,63,59,137,4,4,0,1,1,1,0,0,0.000,0.000,1,0.000
5,0,Red,IC-X3,Interceptor,0,0,1,1.000,1.000,1.000,1.000,84,78,116,4,4,0,2,2,0,0,0,0.000,0.000,0,0.000
5,0,Red,IC-X4,Interceptor,0,0,1,1.000,1.000,1.000,1.000,100,97,100,4,4,0,1,1,1,0,0,0.000,0.000,3,0.000
5,0,Red,IC-X5,Interceptor,1,0,0,0.000,0.000,0.000,0.000,0,0,200,0,0,4,0,0,0,1,0,0.000,0.000,0,0.000
5,1,Blue,BB-01,Battleship,0,0,1,0.500,0.608,0.500,0.148,22,22,698,24,14,0,0,0,0,0,0,9130.021,1715.188,27,0.000
5,1,Blue,DD-11,Escort,0,0,1,1.000,1.000,1.000,1.000,0,0,640,16,11,0,0,0,0,0,0,0.000,0.000,0,0.000
5,1,Blue,DD-12,Escort,0,0,1,1.000,1.000,1.000,1.000,0,0,640,16,13,0,0,0,0,0,0,0.000,0.000,0,0.000
5,1,Blue,DD-31,Escort,0,1,0,0.000,0.592,0.000,0.500,40,39,600,16,16,0,0,0,0,0,0,637.560,758.951,10,0.212
5,1,Blue,DD-32,Escort,0,1,0,0.000,0.720,0.000,0.000,12,12,628,16,16,0,0,0,0,0,0,400.000,520.000,6,0.020
5,1,Blue,DD-33,Escort,0,1,0,0.000,0.224,0.000,0.000,6,6,634,16,16,0,0,0,0,0,0,431.485,1443.133,4,0.090
5,1,Blue,DD-34,Escort,0,1,0,0.000,0.515,0.000,0.000,28,22,612,16,16,0,0,0,0,0,0,653.622,902.752,14,0.098
5,1,Blue,IC-21,Interceptor,0,0,1,1.000,1.000,1.000,1.000,0,0,200,0,0,4,0,0,2,0,0,0.000,0.000,0,0.000
5,1,Blue,IC-22,Interceptor,0,0,1,1.000,1.000,1.000,1.000,0,0,200,0,0,4,0,0,2,0,0,0.000,0.000,0,0.000
5,1,Blue,IC-23,Interceptor,0,0,1,1.000,1.000,1.000,1.000,0,0,200,0,0,4,0,0,2,0,0,0.000,0.000,0,0.000
5,1,Blue,IC-24,Interceptor,0,0,1,1.000,1.000,1.000,1.000,0,0,200,0,0,4,0,0,2,0,0,0.000,0.000,0,0.000
5,1,Blue,IC-25,Interceptor,0,0,1,1.000,0.875,1.000,1.000,0,0,200,0,0,4,0,0,2,0,0,0.000,0.000,0,0.000
5,1,Red,BB-X1,Battleship,1,0,0,0.000,0.000,0.000,0.000,28,22,692,24,19,0,0,0,0,0,0,12418.452,2341.595,4,0.000
5,1,Red,DD-X1,Escort,0,0,1,1.000,1.000,1.000,1.000,52,16,588,16,13,0,0,0,0,0,0,0.000,0.000,3,0.000
5,1,Red,DD-X2,Escort,0,0,1,1.000,1.000,1.000,1.000,0,0,640,16,13,0,0,0,0,0,0,0.000,0.000,0,0.000
5,1,Red,DD-X3,Escort,0,1,0,0.000,0.618,0.000,0.000,46,35,594,16,12,0,0,0,0,0,0,474.555,710.000,11,0.000
5,1,Red,DD-X4,Escort,0,1,0,0.000,0.523,0.000,0.000,38,28,602,16,16,0,0,0,0,0,0,400.000,886.511,6,0.050
5,1,Red,DD-X5,Escort,0,1,0,0.000,0.204,0.000,0.000,44,38,596,16,15,0,0,0,0,0,0,428.335,1480.000,3,0.000
5,1,Red,DD-X6,Escort,0,0,1,0.000,0.527,0.000,0.000,16,11,624,16,14,0,0,0,0,0,0,400.000,880.000,4,0.000
5,1,Red,IC-X1,Interceptor,0,0,1,1.000,1.000,1.000,1.000,14,11,186,4,3,0,0,0,2,0,0,0.000,0.000,0,0.000
5,1,Red,IC-X2,Interceptor,0,0,1,1.000,1.000,1.000,1.000,14,11,186,4,2,0,0,0,2,0,0,40.000,0.000,3,0.000
5,1,Red,IC-X3,Interceptor,0,0,1,0.109,1.000,1.000,1.000,14,8,186,4,3,0,1,0,1,0,0,138.300,0.000,1,0.010
5,1,Red,IC-X4,Interceptor,0,0,1,1.000,1.000,1.000,1.000,22,17,178,4,2,0,0,0,2,0,0,0.000,0.000,1,0.039
5,1,Red,IC-X5,Interceptor,0,0,1,0.303,0.852,1.000,0.575,17,13,183,4,2,0,0,0,2,0,0,120.000,23.381,3,0.000
6,0,Blue,BB-01,Battleship,0,1,0,0.010,0.107,0.000,0.000,16,16,704,24,16,0,0,0,0,0,0,10823.217,3897.594,5,1.250
6,0,Blue,DD-11,Escort,0,0,1,1.000,1.000,1.000,1.000,10,5,630,16,8,0,0,0,0,0,0,0.000,0.000,0,0.000
6,0,Blue,DD-12,Escort,0,0,1,1.000,1.000,1.000,1.000,8,6,632,16,13,0,0,0,0,0,0,0.000,0.000,0,0.000
6,0,Blue,DD-31,Escort,0,1,0,0.000,0.382,0.000,0.000,112,66,528,16,11,0,0,0,0,0,0,554.313,1150.000,15,0.000
6,0,Blue,DD-32,Escort,0,0,1,0.000,0.867,0.482,1.000,100,57,540,16,14,0,0,0,0,0,0,400.000,247.897,9,0.000
6,0,Blue,DD-33,Escort,0,1,0,0.000,0.478,0.000,0.000,60,22,580,16,13,0,0,0,0,0,0,800.000,970.000,5,0.260
6,0,Blue,DD-34,Escort,0,0,1,0.000,0.946,0.500,1.000,82,56,558,16,13,0,0,0,0,0,0,400.000,100.000,6,0.000
6,0,Blue,IC-21,Interceptor,1,0,0,0.000,0.000,0.000,0.000,0,0,200,0,0,4,0,0,0,1,0,120.000,158.700,0,0.000
6,0,Blue,IC-22,Interceptor,0,0,1,1.000,0.994,1.000,1.000,82,70,118,4,2,0,1,0,1,0,0,240.000,4.611,2,0.070
6,0,Blue,IC-23,Interceptor,0,0,1,1.000,1.000,1.000,1.000,79,71,121,4,3,0,1,0,1,0,0,0.000,0.000,4,0.071
6,0,Blue,IC-24,Interceptor,1,0,0,0.000,0.000,0.000,0.000,4,4,196,2,0,2,0,0,0,1,0,128.115,157.225,0,0.000
6,0,Blue,IC-25,Interceptor,0,0,1,0.872,0.991,1.000,1.000,103,91,97,4,2,0,1,0,1,0,0,120.000,7.194,7,0.273
6,0,Red,BB-X1,Battleship,0,0,1,0.500,0.683,1.000,0.420,82,77,638,24,15,0,0,0,0,0,0,8534.091,1386.955,20,0.007
6,0,Red,DD-X1,Escort,0,0,1,1.000,1.000,1.000,1.000,0,0,640,16,14,0,0,0,0,0,0,0.000,0.000,0,0.000
6,0,Red,DD-X2,Escort,0,0,1,1.000,1.000,1.000,1.000,0,0,640,16,12,0,0,0,0,0,0,0.000,0.000,16,0.000
6,0,Red,DD-X3,Escort,0,1,0,0.000,0.481,0.000,0.000,20,7,620,16,11,0,0,0,0,0,0,800.000,964.530,17,0.010
6,0,Red,DD-X4,Escort,0,1,0,0.000,0.202,0.000,0.000,36,24,604,16,16,0,0,0,0,0,0,443.312,1483.864,10,0.201
6,0,Red,DD-X5,Escort,0,1,0,0.500,0.307,0.000,0.000,30,13,610,16,14,0,0,0,0,0,0,553.563,1288.334,4,0.000
6,0,Red,DD-X6,Escort,0,1,0,0.000,0.306,0.000,0.000,0,0,640,16,16,0,0,0,0,0,0,800.000,1290.000,0,0.000
6,0,Red,IC-X1,Interceptor,0,0,1,1.000,1.000,1.000,1.000,7,7,193,4,2,0,0,0,2,0,0,0.000,0.000,2,0.000
6,0,Red,IC-X2,Interceptor,0,0,1,1.000,1.000,1.000,1.000,7,7,193,4,3,0,0,0,2,0,0,0.000,0.000,0,0.000
6,0,Red,IC-X3,Interceptor,0,0,1,1.000,1.000,1.000,1.000,7,7,193,4,3,0,0,0,2,0,0,0.000,0.000,1,0.000
6,0,Red,IC-X4,Interceptor,0,0,1,1.000,0.801,1.000,1.000,9,9,191,4,1,0,0,0,0,0,1,120.000,166.043,1,0.033
6,0,Red,IC-X5,Interceptor,0,0,1,1.000,1.000,1.000,1.000,7,7,193,4,1,0,0,0,2,0,0,0.000,0.000,0,0.000
6,1,Blue,BB-01,Battleship,1,0,0,0.000,0.000,0.000,0.000,8,4,712,24,16,0,0,0,0,0,0,12872.209,1795.378,2,0.000
6,1,Blue,DD-11,Escort,0,0,1,1.000,1.000,1.000,1.000,0,0,640,16,12,0,0,0,0,0,0,0.000,0.000,0,0.023
6,1,Blue,DD-12,Escort,0,0,1,1.000,1.000,1.000,1.000,0,0,640,16,11,0,0,0,0,0,0,0.000,0.000,0,0.000
6,1,Blue,DD-31,Escort,0,1,0,0.000,0.204,0.000,0.000,76,60,564,16,9,0,0,0,0,0,0,400.000,1480.000,8,0.000
6,1,Blue,DD-32,Escort,0,0,1,0.000,0.602,0.000,0.000,88,76,552,16,14,0,0,0,0,0,0,999.063,740.000,8,0.767
6,1,Blue,DD-33,Escort,0,1,0,0.000,0.054,0.000,0.000,42,29,598,16,13,0,0,0,0,0,0,530.467,1760.000,2,0.488
6,1,Blue,DD-34,Escort,0,1,0,0.000,0.374,0.000,0.000,96,83,544,16,14,0,0,0,0,0,0,400.000,1164.647,19,0.143
6,1,Blue,IC-21,Interceptor,0,0,1,1.000,1.000,1.000,1.000,12,12,188,3,0,1,0,0,2,0,0,0.000,0.000,1,0.003
6,1,Blue,IC-22,Interceptor,0,0,1,1.000,1.000,1.000,1.000,18,18,182,3,0,1,0,0,2,0,0,0.000,0.000,2,0.002
6,1,Blue,IC-23,Interceptor,0,0,1,1.000,1.000,1.000,1.000,13,13,187,3,0,1,0,0,2,0,0,0.000,0.000,2,0.003
6,1,Blue,IC-24,Interceptor,0,0,1,1.000,1.000,1.000,1.000,14,14,186,3,0,1,0,0,2,0,0,0.000,0.000,1,0.002
6,1,Blue,IC-25,Interceptor,0,0,1,1.000,1.000,1.000,1.000,13,13,187,3,0,1,0,0,2,0,0,0.000,0.000,1,0.002
6,1,Red,BB-X1,Battleship,0,0,1,0.748,0.713,1.000,0.473,66,60,654,24,18,0,0,0,0,0,0,12247.549,1252.413,29,0.000
6,1,Red,DD-X1,Escort,0,0,1,1.000,1.000,1.000,1.000,0,0,640,16,14,0,0,0,0,0,0,0.000,0.000,0,0.000
6,1,Red,DD-X2,Escort,0,0,1,1.000,1.000,1.000,1.000,0,0,640,16,15,0,0,0,0,0,0,0.000,0.000,0,0.000
6,1,Red,DD-X3,Escort,0,1,0,0.000,0.350,0.000,0.000,86,72,554,16,15,0,0,0,0,0,0,467.097,1209.805,19,0.392
6,1,Red,DD-X4,Escort,0,1,0,0.000,0.559,0.000,0.000,30,24,610,16,15,0,0,0,0,0,0,800.000,820.000,2,0.000
6,1,Red,DD-X5,Escort,0,1,0,0.000,0.204,0.000,0.000,60,46,580,16,16,0,0,0,0,0,0,400.000,1480.000,20,0.000
6,1,Red,DD-X6,Escort,0,1,0,0.000,0.351,0.000,0.000,8,4,632,16,16,0,0,0,0,0,0,780.433,1207.082,1,0.000
6,1,Red,IC-X1,Interceptor,0,0,1,1.000,1.000,1.000,1.000,8,8,192,4,2,0,0,0,2,0,0,0.000,0.000,1,0.000
6,1,Red,IC-X2,Interceptor,0,0,1,1.000,1.000,1.000,1.000,9,9,191,4,0,0,0,0,2,0,0,0.000,0.000,1,0.000
6,1,Red,IC-X3,Interceptor,0,0,1,1.000,1.000,1.000,1.000,11,10,189,4,1,0,0,0,2,0,0,0.000,0.000,2,0.000
6,1,Red,IC-X4,Interceptor,0,0,1,1.000,0.880,1.000,1.000,8,8,192,4,0,0,0,0,2,0,0,0.000,0.000,0,0.000
6,1,Red,IC-X5,Interceptor,0,0,1,1.000,1.000,1.000,1.000,7,7,193,4,0,0,0,0,2,0,0,0.000,0.000,0,0.000
7,0,Blue,BB-01,Battleship,1,0,0,0.000,0.000,0.000,0.000,16,16,704,24,17,0,0,0,0,0,0,13571.517,1244.130,4,0.040
7,0,Blue,DD-11,Escort,0,0,1,1.000,1.000,1.000,1.000,12,12,628,16,14,0,0,0,0,0,0,0.000,0.000,4,0.000
7,0,Blue,DD-12,Escort,0,0,1,1.000,1.000,1.000,1.000,0,0,640,16,14,0,0,0,0,0,0,0.000,0.000,1,0.000
7,0,Blue,DD-31,Escort,0,1,0,0.000,0.387,0.000,0.000,42,40,598,16,16,0,0,0,0,0,0,1172.552,1140.782,11,0.000
7,0,Blue,DD-32,Escort,0,0,1,0.000,0.460,0.500,0.000,28,24,612,16,14,0,0,0,0,0,0,742.583,1004.170,2,0.000
7,0,Blue,DD-33,Escort,0,1,0,0.000,0.365,0.000,0.000,76,74,564,16,14,0,0,0,0,0,0,400.000,1181.814,10,0.000
7,0,Blue,DD-34,Escort,0,1,0,0.000,0.281,0.000,0.000,32,26,608,16,14,0,0,0,0,0,0,1768.238,1337.854,2,0.000
7,0,Blue,IC-21,Interceptor,0,0,1,1.000,1.000,1.000,1.000,0,0,200,4,2,0,0,0,2,0,0,0.000,0.000,0,0.000
7,0,Blue,IC-22,Interceptor,0,0,1,1.000,1.000,1.000,1.000,0,0,200,4,2,0,0,0,2,0,0,0.000,0.000,1,0.000
7,0,Blue,IC-23,Interceptor,0,0,1,1.000,1.000,1.000,1.000,0,0,200,4,4,0,0,0,2,0,0,0.000,0.000,0,0.000
7,0,Blue,IC-24,Interceptor,0,0,1,1.000,1.000,1.000,1.000,0,0,200,4,4,0,0,0,2,0,0,0.000,0.000,0,0.000
7,0,Blue,IC-25,Interceptor,0,0,1,1.000,1.000,1.000,1.000,0,0,200,4,3,0,0,0,2,0,0,0.000,0.000,0,0.000
7,0,Red,BB-X1,Battleship,0,0,1,0.478,0.569,0.602,0.132,20,12,700,24,20,0,0,0,0,0,0,12592.242,1883.120,23,0.000
7,0,Red,DD-X1,Escort,0,0,1,1.000,1.000,1.000,1.000,0,0,640,16,15,0,0,0,0,0,0,0.000,0.000,0,0.000
7,0,Red,DD-X2,Escort,0,0,1,1.000,1.000,1.000,1.000,0,0,640,16,14,0,0,0,0,0,0,0.000,0.000,0,0.000
7,0,Red,DD-X3,Escort,0,1,0,0.000,0.618,0.000,0.000,54,39,586,16,9,0,0,0,0,0,0,400.000,710.683,26,0.229
7,0,Red,DD-X4,Escort,0,1,0,0.000,0.278,0.000,0.000,62,25,578,16,13,0,0,0,0,0,0,506.722,1343.022,2,0.218
7,0,Red,DD-X5,Escort,0,1,0,0.000,0.524,0.000,0.000,0,0,640,16,12,0,0,0,0,0,0,708.636,884.675,0,0.000
7,0,Red,DD-X6,Escort,0,1,0,0.000,0.681,0.000,0.000,74,34,566,16,15,0,0,0,0,0,0,400.000,593.546,7,0.016
7,0,Red,IC-X1,Interceptor,0,0,1,1.000,1.000,1.000,1.000,13,11,187,4,2,0,0,0,2,0,0,0.000,0.000,1,0.014
7,0,Red,IC-X2,Interceptor,0,0,1,1.000,1.000,1.000,1.000,14,11,186,4,3,0,0,0,2,0,0,0.000,0.000,0,0.000
7,0,Red,IC-X3,Interceptor,0,0,1,1.000,1.000,1.000,1.000,13,10,187,4,4,0,0,0,2,0,0,0.000,0.000,1,0.016
7,0,Red,IC-X4,Interceptor,0,0,1,1.000,1.000,1.000,1.000,10,8,190,4,0,0,0,0,2,0,0,0.000,0.000,0,0.000
7,0,Red,IC-X5,Interceptor,0,0,1,1.000,1.000,1.000,1.000,12,10,188,4,2,0,0,0,2,0,0,0.000,0.000,2,0.000
7,1,Blue,BB-01,Battleship,0,0,1,0.000,0.641,0.500,0.157,32,30,688,24,20,0,0,0,0,0,0,4732.504,1568.820,12,0.019
7,1,Blue,DD-11,Escort,0,0,1,1.000,1.000,1.000,1.000,24,20,616,16,13,0,0,0,0,0,0,0.000,0.000,2,0.029
7,1,Blue,DD-12,Escort,0,0,1,1.000,1.000,1.000,1.000,28,24,612,16,15,0,0,0,0,0,0,0.000,0.000,2,0.023
7,1,Blue,DD-31,Escort,0,0,1,0.000,0.409,0.500,0.000,46,41,594,16,12,0,0,0,0,0,0,843.960,1098.539,3,0.000
7,1,Blue,DD-32,Escort,0,0,1,0.000,0.398,0.000,0.000,26,18,614,16,15,0,0,0,0,0,0,411.890,1119.242,13,0.025
7,1,Blue,DD-33,Escort,0,1,0,0.000,0.425,0.000,0.000,56,41,584,16,15,0,0,0,0,0,0,400.000,1070.000,3,0.043
7,1,Blue,DD-34,Escort,0,1,0,0.000,0.424,0.000,0.000,60,47,580,16,15,0,0,0,0,0,0,400.000,1072.157,17,0.096
7,1,Blue,IC-21,Interceptor,0,0,1,1.000,1.000,1.000,1.000,14,12,186,4,1,0,2,1,0,0,0,0.000,0.000,7,0.012
7,1,Blue,IC-22,Interceptor,0,0,1,1.000,1.000,1.000,1.000,12,10,188,4,0,0,2,1,0,0,0,0.000,0.000,16,0.011
7,1,Blue,IC-23,Interceptor,0,0,1,1.000,1.000,1.000,1.000,10,9,190,4,1,0,1,0,1,0,0,120.000,0.000,1,0.000
7,1,Blue,IC-24,Interceptor,1,0,0,0.000,0.000,0.000,0.000,0,0,200,0,0,4,0,0,0,1,0,0.000,0.000,0,0.000
7,1,Blue,IC-25,Interceptor,0,0,1,1.000,1.000,1.000,1.000,14,12,186,4,0,0,1,1,1,0,0,0.000,0.000,2,0.000
7,1,Red,BB-X1,Battleship,0,1,0,0.000,0.559,0.000,0.000,10,10,710,24,17,0,0,0,0,0,0,13475.156,1926.221,3,0.031
7,1,Red,DD-X1,Escort,0,0,1,1.000,1.000,1.000,1.000,28,20,612,16,13,0,0,0,0,0,0,0.000,0.000,2,0.000
7,1,Red,DD-X2,Escort,0,0,1,1.000,1.000,1.000,1.000,0,0,640,16,13,0,0,0,0,0,0,0.000,0.000,0,0.000
7,1,Red,DD-X3,Escort,0,1,0,0.000,0.293,0.000,0.000,16,16,624,16,11,0,0,0,0,0,0,1226.084,1314.888,2,0.051
7,1,Red,DD-X4,Escort,0,1,0,0.000,0.247,0.000,0.000,28,28,612,16,14,0,0,0,0,0,0,400.000,1400.000,10,0.000
7,1,Red,DD-X5,Escort,0,0,1,0.140,0.419,0.000,0.000,62,57,578,16,14,0,0,0,0,0,0,476.271,1080.333,21,0.231
7,1,Red,DD-X6,Escort,1,0,0,0.000,0.000,0.000,0.000,0,0,640,16,14,0,0,0,0,0,0,471.916,1187.377,2,0.000
7,1,Red,IC-X1,Interceptor,0,0,1,1.000,1.000,1.000,1.000,4,4,196,4,0,0,1,1,1,0,0,0.000,0.000,0,0.000
7,1,Red,IC-X2,Interceptor,0,0,1,1.000,1.000,1.000,1.000,10,7,190,4,2,0,1,1,1,0,0,20.000,0.000,0,0.000
7,1,Red,IC-X3,Interceptor,0,0,1,1.000,1.000,1.000,1.000,11,7,189,4,0,0,1,1,1,0,0,0.000,0.000,1,0.000
7,1,Red,IC-X4,Interceptor,0,0,1,1.000,1.000,1.000,1.000,18,12,182,4,0,0,1,1,1,0,0,0.000,0.000,1,0.007
7,1,Red,IC-X5,Interceptor,0,0,1,1.000,1.000,1.000,1.000,2,2,198,4,2,0,1,0,1,0,0,0.000,0.000,0,0.000
8,0,Blue,BB-01,Battleship,0,0,1,0.000,0.214,0.000,0.000,22,22,698,24,18,0,0,0,0,0,0,16931.441,3434.835,7,0.000
8,0,Blue,DD-11,Escort,0,1,0,0.000,0.496,0.000,0.000,0,0,640,16,12,0,0,0,0,0,0,415.604,936.821,0,0.000
8,0,Blue,DD-12,Escort,0,1,0,0.000,0.194,0.000,0.000,0,0,640,16,13,0,0,0,0,0,0,400.000,1498.349,0,1.250
8,0,Blue,DD-31,Escort,0,0,1,1.000,1.000,1.000,1.000,300,268,340,16,14,0,0,0,0,0,0,0.000,0.000,15,0.000
8,0,Blue,DD-32,Escort,0,0,1,1.000,1.000,1.000,1.000,270,250,370,16,12,0,0,0,0,0,0,400.000,0.000,14,0.000
8,0,Blue,DD-33,Escort,1,0,0,0.000,0.000,0.000,0.000,56,50,584,16,13,0,0,0,0,0,0,600.000,996.052,13,0.442
8,0,Blue,DD-34,Escort,0,0,1,1.000,1.000,1.000,1.000,272,242,368,16,13,0,0,0,0,0,0,0.000,0.000,13,0.000
8,0,Blue,IC-21,Interceptor,0,0,1,1.000,0.928,1.000,1.000,200,198,0,4,1,0,2,2,0,0,0,40.000,0.000,5,0.000
8,0,Blue,IC-22,Interceptor,0,0,1,1.000,1.000,1.000,1.000,200,197,0,4,3,0,2,2,0,0,0,40.000,0.000,4,0.000
8,0,Blue,IC-23,Interceptor,0,0,1,1.000,0.998,1.000,0.967,200,200,0,4,2,0,2,2,0,0,0,120.000,1.796,4,0.000
8,0,Blue,IC-24,Interceptor,0,0,1,0.668,0.930,1.000,0.659,161,157,39,4,2,0,2,2,0,0,0,120.000,19.863,15,0.000
8,0,Blue,IC-25,Interceptor,0,0,1,1.000,1.000,1.000,1.000,200,199,0,4,2,0,2,2,0,0,0,0.000,0.000,3,0.000
8,0,Red,BB-X1,Battleship,0,1,0,0.000,0.223,0.000,0.000,54,54,666,24,15,0,0,0,0,0,0,13263.681,3395.086,9,1.250
8,0,Red,DD-X1,Escort,0,1,0,0.500,0.304,0.000,0.000,0,0,640,16,13,0,0,0,0,0,0,400.000,1294.922,0,0.000
8,0,Red,DD-X2,Escort,0,1,0,0.000,0.554,0.000,0.000,0,0,640,16,15,0,0,0,0,0,0,400.000,830.000,0,0.000
8,0,Red,DD-X3,Escort,0,1,0,0.000,0.119,0.000,0.000,8,0,632,16,10,0,0,0,0,0,0,422.246,1639.495,0,1.250
8,0,Red,DD-X4,Escort,0,1,0,0.000,0.144,0.000,0.000,20,9,620,16,14,0,0,0,0,0,0,400.000,1401.822,3,0.000
8,0,Red,DD-X5,Escort,0,1,0,0.000,0.212,0.000,0.000,40,32,600,16,12,0,0,0,0,0,0,511.877,1465.426,17,0.256
8,0,Red,DD-X6,Escort,0,1,0,0.000,0.254,0.000,0.000,0,0,640,16,11,0,0,0,0,0,0,922.022,1388.116,2,0.026
8,0,Red,IC-X1,Interceptor,0,0,1,1.000,1.000,1.000,1.000,157,151,43,4,2,0,2,1,0,0,0,20.000,0.000,1,0.000
8,0,Red,IC-X2,Interceptor,0,0,1,1.000,1.000,1.000,1.000,167,163,33,4,1,0,2,2,0,0,0,60.000,0.000,7,0.000
8,0,Red,IC-X3,Interceptor,0,0,1,1.000,1.000,1.000,1.000,200,196,0,4,2,0,2,1,0,0,0,191.500,0.000,10,0.000
8,0,Red,IC-X4,Interceptor,0,0,1,1.000,0.987,1.000,0.812,200,198,0,4,3,0,2,2,0,0,0,145.567,10.663,8,0.000
8,0,Red,IC-X5,Interceptor,0,0,1,1.000,1.000,1.000,1.000,163,159,37,4,3,0,2,1,0,0,0,20.000,0.000,3,0.003
8,1,Blue,BB-01,Battleship,0,1,0,0.000,0.292,0.000,0.000,10,8,710,24,16,0,0,0,0,0,0,6823.923,3092.408,5,0.000
8,1,Blue,DD-11,Escort,0,1,0,0.000,0.443,0.000,0.000,74,74,566,16,15,0,0,0,0,0,0,400.000,1035.611,14,0.075
8,1,Blue,DD-12,Escort,0,1,0,0.000,0.481,0.000,0.000,20,20,620,16,14,0,0,0,0,0,0,400.000,965.819,1,0.034
8,1,Blue,DD-31,Escort,0,1,0,0.000,0.161,0.000,0.000,22,14,618,16,11,0,0,0,0,0,0,741.830,1510.000,5,0.011
8,1,Blue,DD-32,Escort,0,1,0,0.000,0.218,0.000,0.000,10,1,630,16,14,0,0,0,0,0,0,474.382,1455.258,0,0.615
8,1,Blue,DD-33,Escort,0,1,0,0.000,0.403,0.000,0.000,2,0,638,16,13,0,0,0,0,0,0,1379.842,1111.059,0,0.000
8,1,Blue,DD-34,Escort,0,1,0,0.000,0.575,0.000,0.000,38,27,602,16,15,0,0,0,0,0,0,400.000,791.256,22,0.000
8,1,Blue,IC-21,Interceptor,0,0,1,1.000,0.997,1.000,1.000,104,104,96,4,2,0,0,0,2,0,0,120.000,2.457,3,0.000
8,1,Blue,IC-22,Interceptor,0,0,1,1.000,0.983,1.000,0.979,81,81,119,4,0,0,2,1,0,0,0,120.000,14.383,9,0.000
8,1,Blue,IC-23,Interceptor,0,0,1,1.000,1.000,1.000,1.000,49,49,151,4,4,0,2,0,0,0,0,0.000,0.000,1,0.000
8,1,Blue,IC-24,Interceptor,0,0,1,1.000,0.993,1.000,0.971,51,50,149,4,1,0,1,0,1,0,0,137.133,5.598,2,0.000
8,1,Blue,IC-25,Interceptor,0,0,1,1.000,1.000,1.000,1.000,71,70,129,4,0,0,1,0,1,0,0,100.000,0.000,5,0.000
8,1,Red,BB-X1,Battleship,0,0,1,1.000,0.609,0.971,0.126,56,19,664,24,19,0,0,0,0,0,0,11813.421,1707.166,10,0.000
8,1,Red,DD-X1,Escort,0,0,1,1.000,1.000,1.000,1.000,0,0,640,16,15,0,0,0,0,0,0,0.000,0.000,1,0.000
8,1,Red,DD-X2,Escort,0,0,1,1.000,1.000,1.000,1.000,0,0,640,16,16,0,0,0,0,0,0,0.000,0.000,0,0.000
8,1,Red,DD-X3,Escort,0,1,0,0.000,0.319,0.000,0.000,84,73,556,16,11,0,0,0,0,0,0,600.000,1266.588,6,0.021
8,1,Red,DD-X4,Escort,0,1,0,0.000,0.043,0.000,0.000,98,68,542,16,16,0,0,0,0,0,0,1388.794,1780.000,4,0.001
8,1,Red,DD-X5,Escort,1,0,0,0.000,0.000,0.000,0.000,96,67,544,16,14,0,0,0,0,0,0,800.000,370.000,11,0.000
8,1,Red,DD-X6,Escort,0,1,0,0.000,0.405,0.000,0.000,134,101,506,16,14,0,0,0,0,0,0,696.647,1106.812,10,0.011
8,1,Red,IC-X1,Interceptor,0,0,1,1.000,0.976,1.000,0.639,111,105,89,4,0,0,1,1,1,0,0,300.000,19.866,8,0.000
8,1,Red,IC-X2,Interceptor,0,0,1,1.000,0.990,1.000,0.885,163,157,37,4,0,0,0,0,2,0,0,139.566,8.078,7,0.000
8,1,Red,IC-X3,Interceptor,0,0,1,1.000,1.000,1.000,1.000,153,146,47,4,0,0,0,0,2,0,0,120.000,0.000,6,0.002
8,1,Red,IC-X4,Interceptor,0,0,1,0.068,0.798,1.000,0.557,121,115,79,4,1,0,1,0,1,0,0,360.010,168.623,11,0.500
8,1,Red,IC-X5,Interceptor,0,0,1,1.000,1.000,1.000,1.000,200,193,0,4,0,0,2,2,0,0,0,300.000,0.000,7,0.054
9,0,Blue,BB-01,Battleship,1,0,0,0.000,0.000,0.000,0.000,8,8,712,24,17,0,0,0,0,0,0,10340.774,1130.000,3,0.021
9,0,Blue,DD-11,Escort,0,0,1,1.000,1.000,1.000,1.000,8,0,632,16,12,0,0,0,0,0,0,0.000,0.000,0,0.011
9,0,Blue,DD-12,Escort,0,0,1,1.000,1.000,1.000,1.000,0,0,640,16,14,0,0,0,0,0,0,0.000,0.000,0,0.000
9,0,Blue,DD-31,Escort,0,1,0,0.000,0.517,0.000,0.000,62,44,578,16,14,0,0,0,0,0,0,1428.736,897.498,10,0.579
9,0,Blue,DD-32,Escort,0,0,1,0.000,0.705,0.500,0.000,36,14,604,16,16,0,0,0,0,0,0,974.300,549.200,0,0.000
9,0,Blue,DD-33,Escort,0,1,0,0.000,0.118,0.000,0.000,52,28,588,16,13,0,0,0,0,0,0,584.777,1640.682,12,0.028
9,0,Blue,DD-34,Escort,0,1,0,0.000,0.484,0.000,0.000,72,54,568,16,16,0,0,0,0,0,0,400.000,960.000,6,0.028
9,0,Blue,IC-21,Interceptor,0,0,1,1.000,1.000,1.000,1.000,0,0,200,0,0,4,0,0,2,0,0,0.000,0.000,0,0.000
9,0,Blue,IC-22,Interceptor,0,0,1,1.000,1.000,1.000,1.000,0,0,200,0,0,4,0,0,2,0,0,0.000,0.000,0,0.000
9,0,Blue,IC-23,Interceptor,0,0,1,1.000,1.000,1.000,1.000,0,0,200,0,0,4,0,0,2,0,0,0.000,0.000,0,0.000
9,0,Blue,IC-24,Interceptor,0,0,1,1.000,1.000,1.000,1.000,0,0,200,0,0,4,0,0,2,0,0,0.000,0.000,0,0.000
9,0,Blue,IC-25,Interceptor,0,0,1,1.000,1.000,1.000,1.000,0,0,200,0,0,4,0,0,2,0,0,0.000,0.000,0,0.000
9,0,Red,BB-X1,Battleship,0,0,1,0.834,0.747,1.000,0.599,62,39,658,24,19,0,0,0,0,0,0,12283.928,1107.531,33,0.000
9,0,Red,DD-X1,Escort,0,0,1,1.000,1.000,1.000,1.000,0,0,640,16,8,0,0,0,0,0,0,0.000,0.000,0,0.000
9,0,Red,DD-X2,Escort,0,0,1,1.000,1.000,1.000,1.000,0,0,640,16,10,0,0,0,0,0,0,0.000,0.000,1,0.000
9,0,Red,DD-X3,Escort,0,0,1,0.011,0.393,0.000,0.000,46,18,594,16,9,0,0,0,0,0,0,846.938,1129.140,10,0.000
9,0,Red,DD-X4,Escort,0,0,1,0.500,0.786,0.500,0.000,0,0,640,16,14,0,0,0,0,0,0,400.000,397.614,0,0.167
9,0,Red,DD-X5,Escort,0,1,0,0.000,0.136,0.000,0.000,30,6,610,16,14,0,0,0,0,0,0,1155.722,1606.699,1,0.111
9,0,Red,DD-X6,Escort,0,0,1,0.000,0.795,0.500,0.876,74,43,566,16,14,0,0,0,0,0,0,772.895,382.131,17,0.424
9,0,Red,IC-X1,Interceptor,0,0,1,1.000,0.826,1.000,1.000,0,0,200,0,0,4,0,0,2,0,0,120.000,145.000,0,0.000
9,0,Red,IC-X2,Interceptor,0,0,1,1.000,1.000,1.000,1.000,0,0,200,0,0,4,0,0,2,0,0,0.000,0.000,0,0.000
9,0,Red,IC-X3,Interceptor,0,0,1,1.000,1.000,1.000,1.000,0,0,200,0,0,4,0,0,2,0,0,0.000,0.000,0,0.000
9,0,Red,IC-X4,Interceptor,0,0,1,1.000,1.000,1.000,1.000,0,0,200,0,0,4,0,0,2,0,0,0.000,0.000,0,0.000
9,0,Red,IC-X5,Interceptor,0,0,1,1.000,1.000,1.000,1.000,0,0,200,0,0,4,0,0,2,0,0,0.000,0.000,0,0.000
9,1,Blue,BB-01,Battleship,0,1,0,0.000,0.125,0.000,0.000,18,18,702,24,17,0,0,0,0,0,0,13722.628,3825.225,6,0.000
9,1,Blue,DD-11,Escort,0,1,0,0.000,0.319,0.000,0.000,14,12,626,16,14,0,0,0,0,0,0,400.000,1266.360,6,0.018
9,1,Blue,DD-12,Escort,0,1,0,0.000,0.227,0.000,0.000,16,12,624,16,14,0,0,0,0,0,0,510.287,1437.186,3,0.069
9,1,Blue,DD-31,Escort,0,1,0,0.000,0.505,0.000,0.000,136,132,504,16,16,0,0,0,0,0,0,800.000,920.000,6,1.059
9,1,Blue,DD-32,Escort,0,0,1,1.000,1.000,1.000,1.000,128,116,512,16,16,0,0,0,0,0,0,0.000,0.000,8,0.031
9,1,Blue,DD-33,Escort,0,0,1,1.000,0.946,0.500,1.000,136,127,504,16,16,0,0,0,0,0,0,400.000,100.000,5,0.049
9,1,Blue,DD-34,Escort,0,0,1,1.000,1.000,1.000,1.000,120,116,520,16,16,0,0,0,0,0,0,0.000,0.000,6,0.029
9,1,Blue,IC-21,Interceptor,0,0,1,1.000,1.000,1.000,1.000,4,4,196,2,2,2,0,0,2,0,0,0.000,0.000,0,0.000
9,1,Blue,IC-22,Interceptor,0,0,1,1.000,0.964,1.000,1.000,3,3,197,2,2,2,0,0,2,0,0,0.000,0.000,0,0.000
9,1,Blue,IC-23,Interceptor,0,0,1,1.000,1.000,1.000,1.000,7,7,193,2,2,2,0,0,2,0,0,0.000,0.000,0,0.000
9,1,Blue,IC-24,Interceptor,0,0,1,1.000,1.000,1.000,1.000,3,3,197,0,0,4,0,0,2,0,0,0.000,0.000,0,0.000
9,1,Blue,IC-25,Interceptor,0,0,1,1.000,1.000,1.000,1.000,3,3,197,2,2,2,0,0,2,0,0,0.000,0.000,0,0.000
9,1,Red,BB-X1,Battleship,0,0,1,0.000,0.303,0.250,0.000,28,28,692,24,18,0,0,0,0,0,0,12981.506,3047.746,10,0.000
9,1,Red,DD-X1,Escort,0,1,0,0.000,0.219,0.000,0.000,10,6,630,16,16,0,0,0,0,0,0,404.243,1453.527,3,0.011
9,1,Red,DD-X2,Escort,0,0,1,0.000,0.991,0.918,1.000,50,18,590,16,13,0,0,0,0,0,0,456.875,16.444,7,0.022
9,1,Red,DD-X3,Escort,0,0,1,0.260,0.392,0.000,0.000,126,106,514,16,12,0,0,0,0,0,0,486.764,1130.133,2,0.313
9,1,Red,DD-X4,Escort,0,0,1,0.468,0.915,1.000,0.866,154,126,486,16,12,0,0,0,0,0,0,400.000,158.156,10,0.022
9,1,Red,DD-X5,Escort,0,0,1,1.000,1.000,1.000,1.000,148,121,492,16,13,0,0,0,0,0,0,0.000,0.000,9,0.001
9,1,Red,DD-X6,Escort,0,0,1,0.000,0.795,0.500,0.500,134,101,506,16,15,0,0,0,0,0,0,400.000,381.388,6,0.475
9,1,Red,IC-X1,Interceptor,0,0,1,0.630,1.000,1.000,1.000,18,18,182,4,2,0,0,0,2,0,0,120.000,0.000,3,0.068
9,1,Red,IC-X2,Interceptor,0,0,1,1.000,1.000,1.000,1.000,19,19,181,4,2,0,0,0,2,0,0,0.000,0.000,1,0.000
9,1,Red,IC-X3,Interceptor,0,0,1,1.000,1.000,1.000,1.000,11,11,189,4,2,0,0,0,2,0,0,100.000,0.000,2,0.000
9,1,Red,IC-X4,Interceptor,0,0,1,1.000,0.997,1.000,1.000,7,7,193,4,1,0,0,0,2,0,0,120.000,2.498,0,0.022
9,1,Red,IC-X5,Interceptor,0,0,1,1.000,1.000,1.000,1.000,6,6,194,4,4,0,0,0,2,0,0,0.000,0.000,0,0.000
10,0,Blue,BB-01,Battleship,0,1,0,0.000,0.317,0.000,0.000,16,16,704,24,20,0,0,0,0,0,0,10639.170,2982.876,9,0.000
10,0,Blue,DD-11,Escort,0,0,1,1.000,1.000,1.000,1.000,32,14,608,16,16,0,0,0,0,0,0,0.000,0.000,3,0.000
10,0,Blue,DD-12,Escort,0,0,1,1.000,1.000,1.000,1.000,0,0,640,16,14,0,0,0,0,0,0,0.000,0.000,0,0.000
10,0,Blue,DD-31,Escort,0,0,1,1.000,1.000,1.000,1.000,70,39,570,16,9,0,0,0,0,0,0,400.000,0.000,10,0.000
10,0,Blue,DD-32,Escort,0,1,0,0.000,0.445,0.000,0.000,44,24,596,16,10,0,0,0,0,0,0,400.000,1032.987,5,0.000
10,0,Blue,DD-33,Escort,0,1,0,0.000,0.215,0.000,0.000,44,10,596,16,10,0,0,0,0,0,0,1031.747,1460.054,0,0.142
10,0,Blue,DD-34,Escort,0,1,0,0.000,0.482,0.000,0.000,64,35,576,16,12,0,0,0,0,0,0,880.208,962.869,6,0.000
10,0,Blue,IC-21,Interceptor,0,0,1,1.000,1.000,1.000,1.000,99,92,101,4,3,0,0,0,2,0,0,0.000,0.000,10,0.000
10,0,Blue,IC-22,Interceptor,0,0,1,1.000,1.000,1.000,1.000,101,93,99,4,3,0,0,0,2,0,0,40.000,0.000,7,0.000
10,0,Blue,IC-23,Interceptor,0,0,1,1.000,1.000,1.000,1.000,103,103,97,4,3,0,0,0,2,0,0,0.000,0.000,1,0.000
10,0,Blue,IC-24,Interceptor,0,0,1,1.000,1.000,1.000,1.000,80,73,120,4,2,0,0,0,2,0,0,0.000,0.000,1,0.000
10,0,Blue,IC-25,Interceptor,0,0,1,1.000,1.000,1.000,1.000,79,72,121,4,2,0,0,0,2,0,0,0.000,0.000,4,0.000
10,0,Red,BB-X1,Battleship,0,0,1,0.453,0.481,0.500,0.090,24,20,696,24,15,0,0,0,0,0,0,13711.799,2267.584,12,0.000
10,0,Red,DD-X1,Escort,0,0,1,1.000,1.000,1.000,1.000,0,0,640,16,13,0,0,0,0,0,0,0.000,0.000,0,0.000
10,0,Red,DD-X2,Escort,0,0,1,1.000,1.000,1.000,1.000,0,0,640,16,13,0,0,0,0,0,0,0.000,0.000,0,0.000
10,0,Red,DD-X3,Escort,0,1,0,0.000,0.408,0.000,0.000,36,12,604,16,15,0,0,0,0,0,0,758.083,1101.996,0,0.000
10,0,Red,DD-X4,Escort,0,1,0,0.000,0.212,0.000,0.000,128,74,512,16,14,0,0,0,0,0,0,800.000,1466.210,11,0.086
10,0,Red,DD-X5,Escort,0,1,0,0.000,0.381,0.000,0.000,92,55,548,16,15,0,0,0,0,0,0,400.000,1151.508,9,0.079
10,0,Red,DD-X6,Escort,0,1,0,0.000,0.334,0.000,0.000,44,18,596,16,14,0,0,0,0,0,0,1200.000,1239.347,1,0.000
10,0,Red,IC-X1,Interceptor,0,0,1,1.000,1.000,1.000,1.000,54,51,146,4,3,0,0,0,2,0,0,0.000,0.000,1,0.002
10,0,Red,IC-X2,Interceptor,0,0,1,0.243,0.980,1.000,0.702,62,62,138,4,3,0,0,0,2,0,0,134.767,16.408,4,0.000
10,0,Red,IC-X3,Interceptor,0,0,1,0.000,0.993,1.000,0.894,71,68,129,4,4,0,0,0,2,0,0,120.000,5.856,3,0.004
10,0,Red,IC-X4,Interceptor,0,0,1,1.000,1.000,1.000,1.000,24,20,176,4,1,0,2,2,0,0,0,0.000,0.000,0,0.018
10,0,Red,IC-X5,Interceptor,0,0,1,0.333,1.000,1.000,1.000,30,30,170,4,4,0,0,0,2,0,0,80.000,0.000,1,0.007
10,1,Blue,BB-01,Battleship,0,1,0,0.000,0.366,0.000,0.000,22,17,698,24,18,0,0,0,0,0,0,8528.557,2771.841,2,0.171
10,1,Blue,DD-11,Escort,0,1,0,0.000,0.134,0.000,0.000,16,6,624,16,16,0,0,0,0,0,0,400.000,1610.000,1,0.000
10,1,Blue,DD-12,Escort,0,1,0,0.000,0.474,0.000,0.000,6,2,634,16,15,0,0,0,0,0,0,549.857,979.209,0,0.000
10,1,Blue,DD-31,Escort,0,0,1,0.232,0.858,0.500,0.928,62,39,578,16,14,0,0,0,0,0,0,400.000,263.759,3,0.075
10,1,Blue,DD-32,Escort,0,0,1,0.607,0.846,0.500,1.000,70,50,570,16,16,0,0,0,0,0,0,860.083,287.215,7,1.026
10,1,Blue,DD-33,Escort,0,1,0,0.000,0.253,0.000,0.000,44,34,596,16,15,0,0,0,0,0,0,400.000,1390.000,2,0.000
10,1,Blue,DD-34,Escort,0,0,1,0.000,0.892,0.000,1.000,64,47,576,16,15,0,0,0,0,0,0,611.748,200.000,1,0.114
10,1,Blue,IC-21,Interceptor,0,0,1,1.000,1.000,1.000,1.000,0,0,200,2,0,2,0,0,2,0,0,0.000,0.000,0,0.002
10,1,Blue,IC-22,Interceptor,0,0,1,1.000,1.000,1.000,1.000,5,5,195,2,0,2,0,0,2,0,0,0.000,0.000,0,0.020
10,1,Blue,IC-23,Interceptor,0,0,1,1.000,1.000,1.000,1.000,0,0,200,0,0,4,0,0,2,0,0,0.000,0.000,0,0.000
10,1,Blue,IC-24,Interceptor,0,0,1,1.000,1.000,1.000,1.000,4,4,196,2,0,2,0,0,2,0,0,0.000,0.000,0,0.016
10,1,Blue,IC-25,Interceptor,0,0,1,1.000,1.000,1.000,1.000,5,5,195,2,0,2,0,0,2,0,0,0.000,0.000,1,0.022
10,1,Red,BB-X1,Battleship,0,0,1,0.500,0.598,0.500,0.270,14,13,706,24,18,0,0,0,0,0,0,10933.382,1757.357,12,0.000
10,1,Red,DD-X1,Escort,0,0,1,1.000,1.000,1.000,1.000,0,0,640,16,16,0,0,0,0,0,0,0.000,0.000,0,0.000
10,1,Red,DD-X2,Escort,0,0,1,1.000,1.000,1.000,1.000,0,0,640,16,12,0,0,0,0,0,0,0.000,0.000,0,0.000
10,1,Red,DD-X3,Escort,0,0,1,0.000,0.871,0.174,1.000,62,38,578,16,14,0,0,0,0,0,0,800.000,240.072,11,0.451
10,1,Red,DD-X4,Escort,0,0,1,1.000,1.000,1.000,1.000,62,38,578,16,13,0,0,0,0,0,0,0.000,0.000,9,0.033
10,1,Red,DD-X5,Escort,0,0,1,1.000,1.000,1.000,1.000,64,40,576,16,13,0,0,0,0,0,0,0.000,0.000,9,0.045
10,1,Red,DD-X6,Escort,0,0,1,0.000,0.435,0.500,0.000,42,34,598,16,14,0,0,0,0,0,0,594.348,1050.000,8,0.361
10,1,Red,IC-X1,Interceptor,0,0,1,0.000,0.997,1.000,1.000,15,15,185,4,2,0,0,0,2,0,0,120.000,2.231,0,0.000
10,1,Red,IC-X2,Interceptor,0,0,1,1.000,1.000,1.000,1.000,13,13,187,4,0,0,0,0,2,0,0,0.000,0.000,1,0.000
10,1,Red,IC-X3,Interceptor,0,0,1,1.000,1.000,1.000,1.000,12,12,188,4,1,0,0,0,2,0,0,0.000,0.000,0,0.000
10,1,Red,IC-X4,Interceptor,0,0,1,1.000,1.000,1.000,1.000,13,13,187,4,1,0,0,0,2,0,0,0.000,0.000,1,0.000
10,1,Red,IC-X5,Interceptor,0,0,1,1.000,1.000,1.000,1.000,12,12,188,4,0,0,0,0,2,0,0,0.000,0.000,2,0.000
11,0,Blue,BB-01,Battleship,1,0,0,0.000,0.000,0.000,0.000,0,0,720,20,12,4,0,0,0,0,0,6377.581,1002.314,0,0.000
11,0,Blue,DD-11,Escort,0,0,1,1.000,1.000,1.000,1.000,0,0,640,16,11,0,0,0,0,0,0,0.000,0.000,2,0.004
11,0,Blue,DD-12,Escort,0,0,1,1.000,1.000,1.000,1.000,0,0,640,16,10,0,0,0,0,0,0,0.000,0.000,2,0.000
11,0,Blue,DD-31,Escort,0,1,0,0.000,0.538,0.000,0.000,18,11,622,16,12,0,0,0,0,0,0,1479.343,859.680,0,0.004
11,0,Blue,DD-32,Escort,0,1,0,0.000,0.291,0.000,0.000,80,55,560,16,12,0,0,0,0,0,0,1022.473,1318.188,18,0.863
11,0,Blue,DD-33,Escort,0,1,0,0.000,0.454,0.000,0.000,4,3,636,16,13,0,0,0,0,0,0,1084.441,1016.126,0,0.000
11,0,Blue,DD-34,Escort,0,0,1,0.500,0.705,0.500,0.000,64,40,576,16,11,0,0,0,0,0,0,1156.150,548.293,6,0.011
11,0,Blue,IC-21,Interceptor,0,0,1,1.000,1.000,1.000,1.000,0,0,200,0,0,4,0,0,2,0,0,0.000,0.000,0,0.000
11,0,Blue,IC-22,Interceptor,0,0,1,1.000,1.000,1.000,1.000,0,0,200,0,0,4,0,0,2,0,0,0.000,0.000,0,0.000
11,0,Blue,IC-23,Interceptor,0,0,1,1.000,1.000,1.000,1.000,0,0,200,0,0,4,0,0,2,0,0,0.000,0.000,0,0.000
11,0,Blue,IC-24,Interceptor,0,0,1,1.000,1.000,1.000,1.000,0,0,200,0,0,4,0,0,2,0,0,0.000,0.000,0,0.000
11,0,Blue,IC-25,Interceptor,0,0,1,1.000,1.000,1.000,1.000,0,0,200,0,0,4,0,0,2,0,0,0.000,0.000,0,0.000
11,0,Red,BB-X1,Battleship,0,0,1,0.952,0.858,1.000,0.845,100,30,620,24,13,0,0,0,0,0,0,8232.306,620.158,38,0.044
11,0,Red,DD-X1,Escort,0,0,1,1.000,1.000,1.000,1.000,0,0,640,16,9,0,0,0,0,0,0,0.000,0.000,1,0.000
11,0,Red,DD-X2,Escort,0,0,1,1.000,1.000,1.000,1.000,0,0,640,16,11,0,0,0,0,0,0,0.000,0.000,0,0.000
11,0,Red,DD-X3,Escort,0,1,0,0.000,0.473,0.000,0.000,10,8,630,16,15,0,0,0,0,0,0,1338.529,980.000,1,0.000
11,0,Red,DD-X4,Escort,0,0,1,0.000,0.632,0.413,0.500,58,48,582,16,14,0,0,0,0,0,0,2148.994,684.001,8,0.449
11,0,Red,DD-X5,Escort,0,1,0,0.000,0.397,0.000,0.000,24,12,616,16,12,0,0,0,0,0,0,800.000,1121.116,3,0.026
11,0,Red,DD-X6,Escort,0,0,1,0.500,0.500,0.000,0.500,12,11,628,16,13,0,0,0,0,0,0,1128.083,929.994,3,0.000
11,0,Red,IC-X1,Interceptor,0,0,1,1.000,1.000,1.000,1.000,0,0,200,0,0,4,0,0,2,0,0,0.000,0.000,0,0.000
11,0,Red,IC-X2,Interceptor,0,0,1,1.000,1.000,1.000,1.000,0,0,200,0,0,4,0,0,2,0,0,0.000,0.000,0,0.000
11,0,Red,IC-X3,Interceptor,0,0,1,1.000,1.000,1.000,1.000,0,0,200,0,0,4,0,0,2,0,0,0.000,0.000,0,0.000
11,0,Red,IC-X4,Interceptor,0,0,1,1.000,1.000,1.000,1.000,0,0,200,0,0,4,0,0,2,0,0,0.000,0.000,0,0.000
11,0,Red,IC-X5,Interceptor,0,0,1,1.000,1.000,1.000,1.000,0,0,200,0,0,4,0,0,2,0,0,0.000,0.000,0,0.000
11,1,Blue,BB-01,Battleship,0,1,0,0.000,0.520,0.000,0.000,6,6,714,24,17,0,0,0,0,0,0,9945.508,2097.239,1,0.348
11,1,Blue,DD-11,Escort,0,0,1,1.000,1.000,1.000,1.000,0,0,640,16,13,0,0,0,0,0,0,0.000,0.000,0,0.000
11,1,Blue,DD-12,Escort,0,0,1,1.000,1.000,1.000,1.000,0,0,640,16,11,0,0,0,0,0,0,0.000,0.000,0,0.000
11,1,Blue,DD-31,Escort,0,0,1,0.304,0.844,0.500,1.000,0,0,640,16,15,0,0,0,0,0,0,485.313,290.000,0,0.000
11,1,Blue,DD-32,Escort,0,1,0,0.000,0.699,0.000,0.500,0,0,640,16,16,0,0,0,0,0,0,606.141,560.046,0,0.000
11,1,Blue,DD-33,Escort,0,1,0,0.000,0.621,0.000,0.000,0,0,640,16,16,0,0,0,0,0,0,895.954,704.478,1,0.096
11,1,Blue,DD-34,Escort,0,0,1,0.000,0.788,0.000,0.905,0,0,640,16,16,0,0,0,0,0,0,485.750,394.678,0,0.000
11,1,Blue,IC-21,Interceptor,0,0,1,1.000,1.000,1.000,1.000,0,0,200,0,0,4,0,0,2,0,0,0.000,0.000,0,0.000
11,1,Blue,IC-22,Interceptor,0,0,1,1.000,1.000,1.000,1.000,0,0,200,0,0,4,0,0,2,0,0,0.000,0.000,0,0.000
11,1,Blue,IC-23,Interceptor,0,0,1,1.000,1.000,1.000,1.000,0,0,200,0,0,4,0,0,2,0,0,0.000,0.000,0,0.000
11,1,Blue,IC-24,Interceptor,1,0,0,0.000,0.000,0.000,0.000,0,0,200,0,0,4,0,0,0,1,0,120.000,160.099,0,0.000
11,1,Blue,IC-25,Interceptor,0,0,1,1.000,1.000,1.000,1.000,0,0,200,0,0,4,0,0,2,0,0,0.000,0.000,0,0.000
11,1,Red,BB-X1,Battleship,0,0,1,1.000,0.766,1.000,0.804,50,44,670,24,16,0,0,0,0,0,0,13686.888,1020.564,11,0.000
11,1,Red,DD-X1,Escort,0,0,1,1.000,1.000,1.000,1.000,0,0,640,16,14,0,0,0,0,0,0,0.000,0.000,1,0.000
11,1,Red,DD-X2,Escort,0,0,1,1.000,1.000,1.000,1.000,8,8,632,16,15,0,0,0,0,0,0,0.000,0.000,2,0.000
11,1,Red,DD-X3,Escort,0,0,1,1.000,1.000,1.000,1.000,12,4,628,16,15,0,0,0,0,0,0,0.000,0.000,18,0.033
11,1,Red,DD-X4,Escort,0,0,1,1.000,1.000,1.000,1.000,12,4,628,16,16,0,0,0,0,0,0,0.000,0.000,1,0.032
11,1,Red,DD-X5,Escort,0,0,1,1.000,1.000,1.000,1.000,44,26,596,16,15,0,0,0,0,0,0,0.000,0.000,4,0.029
11,1,Red,DD-X6,Escort,0,0,1,1.000,1.000,1.000,1.000,8,0,632,16,15,0,0,0,0,0,0,0.000,0.000,2,0.000
11,1,Red,IC-X1,Interceptor,0,0,1,1.000,1.000,1.000,1.000,21,18,179,3,3,1,0,0,2,0,0,0.000,0.000,1,0.007
11,1,Red,IC-X2,Interceptor,0,0,1,1.000,1.000,1.000,1.000,26,24,174,4,2,0,0,0,2,0,0,0.000,0.000,1,0.000
11,1,Red,IC-X3,Interceptor,0,0,1,1.000,1.000,1.000,1.000,23,21,177,2,2,2,0,0,2,0,0,0.000,0.000,1,0.000
11,1,Red,IC-X4,Interceptor,0,0,1,1.000,1.000,1.000,1.000,18,18,182,4,3,0,0,0,2,0,0,0.000,0.000,2,0.000
11,1,Red,IC-X5,Interceptor,0,0,1,1.000,1.000,1.000,1.000,26,24,174,4,3,0,0,0,2,0,0,0.000,0.000,0,0.000
12,0,Blue,BB-01,Battleship,0,1,0,0.000,0.450,0.000,0.000,12,11,708,24,20,0,0,0,0,0,0,12907.180,2405.580,3,0.000
12,0,Blue,DD-11,Escort,0,1,0,0.000,0.269,0.000,0.000,92,72,548,16,13,0,0,0,0,0,0,625.958,1358.947,13,0.760
12,0,Blue,DD-12,Escort,0,1,0,0.000,0.381,0.000,0.000,30,30,610,16,13,0,0,0,0,0,0,429.167,1150.512,6,0.261
12,0,Blue,DD-31,Escort,0,0,1,0.922,0.932,0.842,0.773,152,94,488,16,12,0,0,0,0,0,0,650.000,126.658,4,0.025
12,0,Blue,DD-32,Escort,0,0,1,0.500,0.787,0.219,0.500,64,36,576,16,12,0,0,0,0,0,0,1089.469,396.208,5,0.728
12,0,Blue,DD-33,Escort,0,0,1,0.000,0.677,0.000,0.500,90,50,550,16,11,0,0,0,0,0,0,1279.188,600.068,9,0.000
12,0,Blue,DD-34,Escort,0,1,0,0.000,0.374,0.000,0.000,142,101,498,16,14,0,0,0,0,0,0,1316.063,1164.437,11,0.439
12,0,Blue,IC-21,Interceptor,0,0,1,1.000,1.000,1.000,1.000,14,9,186,4,4,0,0,0,2,0,0,0.000,0.000,2,0.000
12,0,Blue,IC-22,Interceptor,0,0,1,0.000,0.993,1.000,0.894,52,51,148,4,3,0,0,0,2,0,0,120.000,5.854,6,0.000
12,0,Blue,IC-23,Interceptor,0,0,1,1.000,1.000,1.000,1.000,86,84,114,4,4,0,0,0,2,0,0,0.000,0.000,2,0.000
12,0,Blue,IC-24,Interceptor,0,0,1,1.000,1.000,1.000,1.000,58,45,142,4,2,0,0,0,2,0,0,0.000,0.000,3,0.000
12,0,Blue,IC-25,Interceptor,0,0,1,1.000,1.000,1.000,1.000,14,11,186,4,4,0,0,0,2,0,0,0.000,0.000,0,0.000
12,0,Red,BB-X1,Battleship,0,0,1,0.500,0.677,0.749,0.378,62,41,658,24,17,0,0,0,0,0,0,13744.432,1411.833,16,0.000
12,0,Red,DD-X1,Escort,0,0,1,0.000,0.496,0.000,0.500,28,20,612,16,15,0,0,0,0,0,0,460.813,938.033,8,0.037
12,0,Red,DD-X2,Escort,0,0,1,0.000,0.404,0.500,0.000,0,0,640,16,15,0,0,0,0,0,0,573.129,1108.395,1,0.018
12,0,Red,DD-X3,Escort,0,1,0,0.000,0.484,0.000,0.000,0,0,640,16,9,0,0,0,0,0,0,1137.123,959.983,0,0.280
12,0,Red,DD-X4,Escort,0,1,0,0.000,0.342,0.000,0.000,8,4,632,16,14,0,0,0,0,0,0,445.937,1223.462,0,0.052
12,0,Red,DD-X5,Escort,0,1,0,0.000,0.337,0.000,0.000,10,7,630,16,14,0,0,0,0,0,0,400.000,1233.100,1,0.000
12,0,Red,DD-X6,Escort,0,1,0,0.000,0.227,0.000,0.000,0,0,640,16,14,0,0,0,0,0,0,885.778,1437.209,0,0.656
12,0,Red,IC-X1,Interceptor,0,0,1,0.264,1.000,1.000,1.000,111,109,89,4,1,0,2,2,0,0,0,205.000,0.000,2,0.006
12,0,Red,IC-X2,Interceptor,0,0,1,1.000,0.971,1.000,0.682,100,100,100,4,1,0,2,2,0,0,0,171.633,23.913,7,0.000
12,0,Red,IC-X3,Interceptor,0,0,1,1.000,1.000,1.000,1.000,132,130,68,4,0,0,2,1,0,0,0,200.000,0.000,4,0.000
12,0,Red,IC-X4,Interceptor,0,0,1,1.000,0.994,1.000,0.915,105,104,95,4,2,0,2,2,0,0,0,243.400,4.679,6,0.000
12,0,Red,IC-X5,Interceptor,0,0,1,1.000,1.000,1.000,1.000,153,150,47,4,1,0,2,0,0,0,0,40.000,0.000,6,0.000
12,1,Blue,BB-01,Battleship,0,1,0,0.000,0.371,0.000,0.000,10,10,710,24,17,0,0,0,0,0,0,7167.934,2749.626,4,0.000
12,1,Blue,DD-11,Escort,0,0,1,1.000,1.000,1.000,1.000,0,0,640,16,12,0,0,0,0,0,0,0.000,0.000,0,0.000
12,1,Blue,DD-12,Escort,0,0,1,1.000,1.000,1.000,1.000,0,0,640,16,13,0,0,0,0,0,0,0.000,0.000,0,0.000
12,1,Blue,DD-31,Escort,0,1,0,0.000,0.562,0.000,0.000,74,44,566,16,13,0,0,0,0,0,0,417.354,815.254,14,0.273
12,1,Blue,DD-32,Escort,0,0,1,0.000,0.807,0.000,0.773,86,56,554,16,13,0,0,0,0,0,0,800.000,359.034,8,0.584
12,1,Blue,DD-33,Escort,0,1,0,0.000,0.252,0.000,0.000,42,16,598,16,14,0,0,0,0,0,0,400.000,1390.728,1,0.000
12,1,Blue,DD-34,Escort,0,1,0,0.000,0.589,0.000,0.000,2,2,638,16,12,0,0,0,0,0,0,998.748,764.218,1,0.000
12,1,Blue,IC-21,Interceptor,0,0,1,1.000,1.000,1.000,1.000,0,0,200,0,0,4,0,0,2,0,0,0.000,0.000,0,0.000
12,1,Blue,IC-22,Interceptor,0,0,1,1.000,1.000,1.000,1.000,0,0,200,0,0,4,0,0,2,0,0,0.000,0.000,0,0.000
12,1,Blue,IC-23,Interceptor,0,0,1,1.000,1.000,1.000,1.000,0,0,200,0,0,4,0,0,2,0,0,0.000,0.000,0,0.000
12,1,Blue,IC-24,Interceptor,0,0,1,1.000,1.000,1.000,1.000,0,0,200,0,0,4,0,0,2,0,0,0.000,0.000,0,0.000
12,1,Blue,IC-25,Interceptor,0,0,1,1.000,1.000,1.000,1.000,0,0,200,0,0,4,0,0,2,0,0,0.000,0.000,0,0.000
12,1,Red,BB-X1,Battleship,0,0,1,1.000,0.667,0.750,0.333,44,36,676,24,18,0,0,0,0,0,0,13009.006,1453.416,15,0.000
12,1,Red,DD-X1,Escort,0,0,1,1.000,1.000,1.000,1.000,0,0,640,16,14,0,0,0,0,0,0,0.000,0.000,0,0.000
12,1,Red,DD-X2,Escort,0,0,1,1.000,1.000,1.000,1.000,0,0,640,16,14,0,0,0,0,0,0,0.000,0.000,0,0.000
12,1,Red,DD-X3,Escort,0,0,1,1.000,1.000,1.000,1.000,44,25,596,16,15,0,0,0,0,0,0,0.000,0.000,4,0.021
12,1,Red,DD-X4,Escort,0,1,0,0.000,0.400,0.000,0.000,20,8,620,16,15,0,0,0,0,0,0,400.000,1116.052,4,0.500
12,1,Red,DD-X5,Escort,0,0,1,0.000,0.510,0.500,0.000,50,29,590,16,14,0,0,0,0,0,0,400.000,910.958,11,0.009
12,1,Red,DD-X6,Escort,0,1,0,0.000,0.613,0.000,0.000,4,4,636,16,11,0,0,0,0,0,0,800.000,719.948,2,0.003
12,1,Red,IC-X1,Interceptor,0,0,1,1.000,1.000,1.000,1.000,43,39,157,4,2,0,0,0,2,0,0,0.000,0.000,2,0.000
12,1,Red,IC-X2,Interceptor,0,0,1,1.000,1.000,1.000,1.000,25,21,175,4,0,0,0,0,2,0,0,0.000,0.000,0,0.000
12,1,Red,IC-X3,Interceptor,0,0,1,1.000,1.000,1.000,1.000,32,32,168,4,1,0,0,0,2,0,0,0.000,0.000,0,0.000
12,1,Red,IC-X4,Interceptor,0,0,1,1.000,1.000,1.000,1.000,37,33,163,4,2,0,0,0,2,0,0,0.000,0.000,2,0.000
12,1,Red,IC-X5,Interceptor,0,0,1,1.000,1.000,1.000,1.000,24,23,176,4,2,0,0,0,2,0,0,0.000,0.000,3,0.000
13,0,Blue,BB-01,Battleship,0,1,0,0.000,0.160,0.000,0.000,16,15,704,24,16,0,0,0,0,0,0,12329.249,3670.180,5,0.000
13,0,Blue,DD-11,Escort,0,1,0,0.000,0.311,0.000,0.000,0,0,640,16,13,0,0,0,0,0,0,462.854,1282.062,0,0.053
13,0,Blue,DD-12,Escort,0,1,0,0.000,0.562,0.000,0.000,0,0,640,16,15,0,0,0,0,0,0,818.667,814.137,0,0.203
13,0,Blue,DD-31,Escort,0,1,0,0.000,0.278,0.000,0.000,90,84,550,16,14,0,0,0,0,0,0,481.521,1342.373,7,0.293
13,0,Blue,DD-32,Escort,0,1,0,0.717,0.448,0.000,0.000,34,29,606,16,12,0,0,0,0,0,0,884.125,1027.466,16,0.000
13,0,Blue,DD-33,Escort,0,1,0,0.000,0.188,0.000,0.000,64,60,576,16,13,0,0,0,0,0,0,400.000,1510.000,9,0.026
13,0,Blue,DD-34,Escort,0,1,0,0.000,0.261,0.000,0.000,12,10,628,16,14,0,0,0,0,0,0,1384.595,1374.508,1,0.025
13,0,Blue,IC-21,Interceptor,0,0,1,1.000,0.992,1.000,1.000,108,94,92,4,3,0,2,1,0,0,0,251.633,6.507,4,0.000
13,0,Blue,IC-22,Interceptor,0,0,1,1.000,0.985,1.000,0.770,112,105,88,4,3,0,2,0,0,0,0,180.000,12.668,4,0.007
13,0,Blue,IC-23,Interceptor,0,0,1,1.000,1.000,1.000,1.000,129,120,71,4,4,0,2,1,0,0,0,0.000,0.000,4,0.049
13,0,Blue,IC-24,Interceptor,0,0,1,0.000,0.964,1.000,0.753,110,99,90,4,4,0,2,1,0,0,0,323.600,29.697,7,0.000
13,0,Blue,IC-25,Interceptor,0,0,1,0.667,1.000,1.000,1.000,113,98,87,4,2,0,2,1,0,0,0,220.000,0.000,5,0.160
13,0,Red,BB-X1,Battleship,0,0,1,0.000,0.620,0.279,0.156,24,23,696,24,15,0,0,0,0,0,0,5708.434,1661.787,16,0.000
13,0,Red,DD-X1,Escort,0,0,1,0.000,0.805,0.000,1.000,0,0,640,16,14,0,0,0,0,0,0,1364.354,362.879,0,0.000
13,0,Red,DD-X2,Escort,0,1,0,0.000,0.526,0.000,0.000,0,0,640,16,13,0,0,0,0,0,0,400.000,881.875,0,0.099
13,0,Red,DD-X3,Escort,0,1,0,0.000,0.512,0.000,0.000,16,14,624,16,14,0,0,0,0,0,0,800.000,907.797,1,0.000
13,0,Red,DD-X4,Escort,0,1,0,0.000,0.538,0.000,0.000,134,134,506,16,12,0,0,0,0,0,0,490.708,860.001,40,0.476
13,0,Red,DD-X5,Escort,0,1,0,0.000,0.081,0.000,0.000,8,8,632,16,10,0,0,0,0,0,0,400.000,1710.000,3,0.023
13,0,Red,DD-X6,Escort,0,1,0,0.500,0.310,0.000,0.000,8,8,632,16,15,0,0,0,0,0,0,781.591,1283.740,1,1.250
13,0,Red,IC-X1,Interceptor,0,0,1,1.000,0.986,1.000,0.894,113,106,87,4,2,0,2,0,0,0,0,279.600,11.307,4,0.000
13,0,Red,IC-X2,Interceptor,0,0,1,0.122,0.966,1.000,0.547,141,139,59,4,2,0,2,0,0,0,0,276.365,28.606,3,0.013
13,0,Red,IC-X3,Interceptor,0,0,1,1.000,0.996,1.000,0.936,144,138,56,4,1,0,2,0,0,0,0,187.066,3.514,4,0.000
13,0,Red,IC-X4,Interceptor,0,0,1,0.299,0.997,1.000,0.957,114,108,86,4,1,0,2,1,0,0,0,340.000,2.344,5,0.012
13,0,Red,IC-X5,Interceptor,0,0,1,1.000,1.000,1.000,1.000,114,111,86,4,1,0,2,1,0,0,0,40.000,0.000,7,0.000
13,1,Blue,BB-01,Battleship,0,0,1,0.500,0.422,0.413,0.000,22,22,698,24,18,0,0,0,0,0,0,13661.674,2527.347,13,0.000
13,1,Blue,DD-11,Escort,0,0,1,0.000,0.753,1.000,0.500,88,86,552,16,14,0,0,0,0,0,0,400.000,460.000,12,0.000
13,1,Blue,DD-12,Escort,0,0,1,0.000,0.908,0.145,1.000,8,8,632,16,13,0,0,0,0,0,0,400.000,171.006,2,0.000
13,1,Blue,DD-31,Escort,0,1,0,0.500,0.454,0.000,0.180,30,25,610,16,14,0,0,0,0,0,0,525.734,1014.789,2,0.000
13,1,Blue,DD-32,Escort,1,0,0,0.000,0.000,0.000,0.000,54,50,586,16,16,0,0,0,0,0,0,931.834,775.799,3,0.094
13,1,Blue,DD-33,Escort,0,1,0,0.000,0.198,0.000,0.000,14,14,626,16,14,0,0,0,0,0,0,843.047,1491.466,4,0.055
13,1,Blue,DD-34,Escort,0,1,0,0.000,0.117,0.000,0.000,8,6,632,16,13,0,0,0,0,0,0,536.541,1642.525,0,0.002
13,1,Blue,IC-21,Interceptor,0,0,1,1.000,1.000,1.000,1.000,28,26,172,4,2,0,0,0,2,0,0,0.000,0.000,3,0.011
13,1,Blue,IC-22,Interceptor,0,0,1,1.000,1.000,1.000,1.000,25,24,175,4,2,0,0,0,2,0,0,0.000,0.000,2,0.007
13,1,Blue,IC-23,Interceptor,0,0,1,1.000,1.000,1.000,1.000,27,25,173,4,2,0,0,0,2,0,0,0.000,0.000,2,0.026
13,1,Blue,IC-24,Interceptor,0,0,1,1.000,1.000,1.000,1.000,28,27,172,4,1,0,0,0,2,0,0,0.000,0.000,0,0.000
13,1,Blue,IC-25,Interceptor,0,0,1,1.000,1.000,1.000,1.000,29,28,171,4,2,0,0,0,2,0,0,0.000,0.000,1,0.000
13,1,Red,BB-X1,Battleship,0,1,0,0.000,0.450,0.000,0.000,18,17,702,24,19,0,0,0,0,0,0,12546.145,2404.384,5,0.000
13,1,Red,DD-X1,Escort,0,0,1,1.000,1.000,1.000,1.000,64,62,576,16,15,0,0,0,0,0,0,0.000,0.000,8,0.000
13,1,Red,DD-X2,Escort,0,0,1,1.000,1.000,1.000,1.000,24,24,616,16,13,0,0,0,0,0,0,0.000,0.000,2,0.000
13,1,Red,DD-X3,Escort,0,1,0,0.000,0.451,0.000,0.000,66,50,574,16,14,0,0,0,0,0,0,1339.417,1020.642,31,0.067
13,1,Red,DD-X4,Escort,0,1,0,0.500,0.412,0.000,0.000,18,6,622,16,13,0,0,0,0,0,0,1000.000,1094.313,1,0.265
13,1,Red,DD-X5,Escort,0,1,0,0.000,0.205,0.000,0.000,44,35,596,16,9,0,0,0,0,0,0,780.922,1477.780,6,1.250
13,1,Red,DD-X6,Escort,0,0,1,0.000,0.800,0.000,1.000,54,40,586,16,14,0,0,0,0,0,0,557.726,371.896,9,0.128
13,1,Red,IC-X1,Interceptor,0,0,1,1.000,1.000,1.000,1.000,7,6,193,4,1,0,1,1,1,0,0,0.000,0.000,0,0.000
13,1,Red,IC-X2,Interceptor,0,0,1,1.000,1.000,1.000,1.000,7,5,193,4,0,0,1,1,1,0,0,0.000,0.000,1,0.004
13,1,Red,IC-X3,Interceptor,0,0,1,1.000,0.997,1.000,1.000,14,14,186,4,0,0,1,0,1,0,0,140.000,2.541,4,0.000
13,1,Red,IC-X4,Interceptor,0,0,1,1.000,1.000,1.000,1.000,16,15,184,4,1,0,1,1,1,0,0,0.000,0.000,1,0.000
13,1,Red,IC-X5,Interceptor,0,0,1,1.000,1.000,1.000,1.000,23,20,177,4,0,0,1,1,1,0,0,40.000,0.000,2,0.005
14,0,Blue,BB-01,Battleship,0,0,1,0.500,0.553,0.750,0.144,24,24,696,24,17,0,0,0,0,0,0,12555.682,1955.502,19,0.000
14,0,Blue,DD-11,Escort,0,0,1,1.000,1.000,1.000,1.000,0,0,640,16,13,0,0,0,0,0,0,0.000,0.000,0,0.000
14,0,Blue,DD-12,Escort,0,0,1,1.000,1.000,1.000,1.000,0,0,640,16,12,0,0,0,0,0,0,0.000,0.000,0,0.000
14,0,Blue,DD-31,Escort,0,1,0,0.000,0.269,0.000,0.000,20,20,620,16,12,0,0,0,0,0,0,400.000,1360.000,1,0.000
14,0,Blue,DD-32,Escort,0,0,1,1.000,1.000,1.000,1.000,60,46,580,16,14,0,0,0,0,0,0,0.000,0.000,10,0.000
14,0,Blue,DD-33,Escort,0,1,0,0.000,0.161,0.000,0.000,38,38,602,16,13,0,0,0,0,0,0,400.000,1560.000,6,0.070
14,0,Blue,DD-34,Escort,0,0,1,0.298,0.738,0.500,0.277,14,13,626,16,13,0,0,0,0,0,0,638.710,487.011,16,0.000
14,0,Blue,IC-21,Interceptor,0,0,1,1.000,1.000,1.000,1.000,68,59,132,4,1,0,0,0,2,0,0,0.000,0.000,1,0.009
14,0,Blue,IC-22,Interceptor,0,0,1,0.000,0.991,1.000,0.915,71,63,129,4,0,0,0,0,2,0,0,120.000,7.252,4,0.000
14,0,Blue,IC-23,Interceptor,0,0,1,1.000,1.000,1.000,1.000,54,45,146,4,0,0,0,0,2,0,0,0.000,0.000,3,0.000
14,0,Blue,IC-24,Interceptor,0,0,1,0.123,0.983,1.000,0.787,68,59,132,4,1,0,0,0,2,0,0,120.000,14.412,2,0.005
14,0,Blue,IC-25,Interceptor,0,0,1,1.000,1.000,1.000,1.000,64,55,136,4,1,0,0,0,2,0,0,0.000,0.000,0,0.000
14,0,Red,BB-X1,Battleship,0,1,0,0.000,0.272,0.000,0.000,8,8,712,24,14,0,0,0,0,0,0,10724.707,3181.034,7,0.000
14,0,Red,DD-X1,Escort,0,0,1,1.000,1.000,1.000,1.000,0,0,640,16,13,0,0,0,0,0,0,0.000,0.000,0,0.000
14,0,Red,DD-X2,Escort,0,0,1,1.000,1.000,1.000,1.000,0,0,640,16,14,0,0,0,0,0,0,0.000,0.000,0,0.000
14,0,Red,DD-X3,Escort,0,0,1,0.000,0.409,0.000,0.399,58,54,582,16,10,0,0,0,0,0,0,673.518,1099.658,15,0.921
14,0,Red,DD-X4,Escort,0,1,0,0.000,0.360,0.000,0.000,48,44,592,16,14,0,0,0,0,0,0,1129.921,1190.428,9,0.377
14,0,Red,DD-X5,Escort,1,0,0,0.000,0.000,0.000,0.000,0,0,640,16,12,0,0,0,0,0,0,1281.570,986.393,0,0.000
14,0,Red,DD-X6,Escort,0,1,0,0.000,0.341,0.000,0.000,38,34,602,16,15,0,0,0,0,0,0,464.312,1226.537,6,0.000
14,0,Red,IC-X1,Interceptor,0,0,1,1.000,1.000,1.000,1.000,0,0,200,0,0,4,0,0,2,0,0,0.000,0.000,0,0.000
14,0,Red,IC-X2,Interceptor,0,0,1,1.000,1.000,1.000,1.000,0,0,200,0,0,4,0,0,2,0,0,0.000,0.000,0,0.000
14,0,Red,IC-X3,Interceptor,0,0,1,1.000,1.000,1.000,1.000,0,0,200,0,0,4,0,0,2,0,0,0.000,0.000,0,0.000
14,0,Red,IC-X4,Interceptor,0,0,1,1.000,1.000,1.000,1.000,0,0,200,0,0,4,0,0,2,0,0,0.000,0.000,0,0.000
14,0,Red,IC-X5,Interceptor,0,0,1,1.000,1.000,1.000,1.000,0,0,200,0,0,4,0,0,2,0,0,0.000,0.000,0,0.000
14,1,Blue,BB-01,Battleship,0,0,1,0.500,0.554,0.500,0.118,22,20,698,24,18,0,0,0,0,0,0,11158.879,1948.471,14,0.000
14,1,Blue,DD-11,Escort,0,0,1,1.000,1.000,1.000,1.000,0,0,640,16,13,0,0,0,0,0,0,0.000,0.000,0,0.000
14,1,Blue,DD-12,Escort,0,0,1,1.000,1.000,1.000,1.000,0,0,640,16,15,0,0,0,0,0,0,0.000,0.000,0,0.000
14,1,Blue,DD-31,Escort,0,0,1,0.000,0.665,0.500,0.500,28,24,612,16,13,0,0,0,0,0,0,1288.873,623.966,4,0.000
14,1,Blue,DD-32,Escort,0,0,1,1.000,1.000,1.000,1.000,98,86,542,16,12,0,0,0,0,0,0,0.000,0.000,7,0.025
14,1,Blue,DD-33,Escort,1,0,0,0.000,0.000,0.000,0.000,40,20,600,16,15,0,0,0,0,0,0,400.000,149.592,3,0.000
14,1,Blue,DD-34,Escort,0,0,1,0.000,0.945,0.492,1.000,116,89,524,16,14,0,0,0,0,0,0,400.000,101.655,12,0.033
14,1,Blue,IC-21,Interceptor,0,0,1,1.000,1.000,1.000,1.000,9,8,191,4,0,0,0,0,2,0,0,0.000,0.000,0,0.000
14,1,Blue,IC-22,Interceptor,0,0,1,0.557,1.000,1.000,1.000,9,9,191,4,1,0,1,1,1,0,0,120.000,0.000,4,0.020
14,1,Blue,IC-23,Interceptor,0,0,1,0.960,0.990,1.000,0.964,3,3,197,4,1,0,0,0,2,0,0,123.033,8.520,0,0.000
14,1,Blue,IC-24,Interceptor,0,0,1,1.000,1.000,1.000,1.000,6,6,194,4,1,0,1,1,1,0,0,0.000,0.000,0,0.000
14,1,Blue,IC-25,Interceptor,0,0,1,0.954,0.999,1.000,0.979,15,15,185,4,4,0,1,0,1,0,0,154.000,1.173,4,0.000
14,1,Red,BB-X1,Battleship,0,1,0,0.000,0.361,0.000,0.000,14,10,706,24,19,0,0,0,0,0,0,13368.652,2792.499,7,0.000
14,1,Red,DD-X1,Escort,0,0,1,1.000,1.000,1.000,1.000,0,0,640,16,13,0,0,0,0,0,0,0.000,0.000,0,0.000
14,1,Red,DD-X2,Escort,0,0,1,1.000,1.000,1.000,1.000,0,0,640,16,14,0,0,0,0,0,0,0.000,0.000,0,0.000
14,1,Red,DD-X3,Escort,0,1,0,0.000,0.376,0.000,0.000,32,20,608,16,16,0,0,0,0,0,0,949.822,1160.000,0,0.000
14,1,Red,DD-X4,Escort,0,1,0,0.000,0.278,0.000,0.000,42,26,598,16,16,0,0,0,0,0,0,690.645,1342.176,20,0.009
14,1,Red,DD-X5,Escort,0,1,0,0.000,0.440,0.000,0.000,0,0,640,16,16,0,0,0,0,0,0,1210.695,1040.950,0,0.003
14,1,Red,DD-X6,Escort,0,0,1,0.389,0.595,0.000,0.500,52,29,588,16,16,0,0,0,0,0,0,698.812,753.917,3,0.123
14,1,Red,IC-X1,Interceptor,0,0,1,1.000,1.000,1.000,1.000,4,4,196,2,0,2,0,0,2,0,0,0.000,0.000,0,0.000
14,1,Red,IC-X2,Interceptor,0,0,1,1.000,1.000,1.000,1.000,4,4,196,2,0,2,0,0,2,0,0,0.000,0.000,0,0.000
14,1,Red,IC-X3,Interceptor,0,0,1,1.000,0.880,1.000,1.000,4,4,196,2,0,2,0,0,2,0,0,120.000,100.000,0,0.000
14,1,Red,IC-X4,Interceptor,0,0,1,1.000,1.000,1.000,1.000,4,4,196,2,0,2,0,0,2,0,0,0.000,0.000,1,0.000
14,1,Red,IC-X5,Interceptor,0,0,1,1.000,1.000,1.000,1.000,4,4,196,2,0,2,0,0,2,0,0,0.000,0.000,0,0.000
15,0,Blue,BB-01,Battleship,0,1,0,0.000,0.399,0.000,0.000,16,16,704,24,17,0,0,0,0,0,0,11275.653,2625.593,3,0.000
15,0,Blue,DD-11,Escort,0,0,1,1.000,1.000,1.000,1.000,44,32,596,16,15,0,0,0,0,0,0,0.000,0.000,4,0.000
15,0,Blue,DD-12,Escort,0,0,1,1.000,1.000,1.000,1.000,0,0,640,16,15,0,0,0,0,0,0,0.000,0.000,0,0.000
15,0,Blue,DD-31,Escort,0,1,0,0.000,0.529,0.000,0.000,8,8,632,16,8,0,0,0,0,0,0,1013.138,876.955,1,0.000
15,0,Blue,DD-32,Escort,0,1,0,0.000,0.229,0.000,0.000,20,20,620,16,9,0,0,0,0,0,0,960.271,1434.429,4,0.014
15,0,Blue,DD-33,Escort,0,1,0,0.000,0.048,0.000,0.000,8,0,632,16,11,0,0,0,0,0,0,913.712,1770.000,0,0.171
15,0,Blue,DD-34,Escort,0,0,1,0.000,0.773,0.500,0.500,46,40,594,16,12,0,0,0,0,0,0,400.000,422.341,15,0.033
15,0,Blue,IC-21,Interceptor,0,0,1,1.000,1.000,1.000,1.000,4,2,196,1,0,3,0,0,2,0,0,0.000,0.000,0,0.000
15,0,Blue,IC-22,Interceptor,0,0,1,1.000,1.000,1.000,1.000,5,4,195,1,0,3,0,0,2,0,0,0.000,0.000,0,0.000
15,0,Blue,IC-23,Interceptor,0,0,1,1.000,1.000,1.000,1.000,4,3,196,1,0,3,0,0,2,0,0,0.000,0.000,0,0.000
15,0,Blue,IC-24,Interceptor,0,0,1,1.000,1.000,1.000,1.000,4,3,196,0,0,4,0,0,2,0,0,0.000,0.000,0,0.000
15,0,Blue,IC-25,Interceptor,0,0,1,1.000,1.000,1.000,1.000,2,1,198,0,0,4,0,0,2,0,0,0.000,0.000,0,0.000
15,0,Red,BB-X1,Battleship,0,0,1,1.000,0.701,1.000,0.232,36,36,684,24,16,0,0,0,0,0,0,13180.433,1307.672,16,0.000
15,0,Red,DD-X1,Escort,0,0,1,1.000,1.000,1.000,1.000,0,0,640,16,13,0,0,0,0,0,0,0.000,0.000,0,0.000
15,0,Red,DD-X2,Escort,0,0,1,1.000,1.000,1.000,1.000,0,0,640,16,16,0,0,0,0,0,0,0.000,0.000,0,0.000
15,0,Red,DD-X3,Escort,0,1,0,0.000,0.557,0.000,0.000,114,95,526,16,6,0,0,0,0,0,0,800.000,824.616,14,0.022
15,0,Red,DD-X4,Escort,0,0,1,0.000,0.746,0.454,0.000,90,88,550,16,12,0,0,0,0,0,0,400.000,471.654,2,0.023
15,0,Red,DD-X5,Escort,0,1,0,0.000,0.386,0.000,0.000,96,82,544,16,11,0,0,0,0,0,0,800.000,1141.935,1,0.000
15,0,Red,DD-X6,Escort,0,0,1,0.000,0.694,0.500,0.000,102,92,538,16,11,0,0,0,0,0,0,400.000,570.000,20,0.016
15,0,Red,IC-X1,Interceptor,0,0,1,1.000,1.000,1.000,1.000,4,4,196,2,1,2,0,0,2,0,0,0.000,0.000,0,0.000
15,0,Red,IC-X2,Interceptor,0,0,1,1.000,1.000,1.000,1.000,3,3,197,2,0,2,0,0,2,0,0,0.000,0.000,0,0.000
15,0,Red,IC-X3,Interceptor,0,0,1,1.000,0.853,1.000,1.000,3,3,197,2,1,2,0,0,0,0,1,120.000,122.990,0,0.000
15,0,Red,IC-X4,Interceptor,0,0,1,1.000,1.000,1.000,1.000,1,1,199,2,0,2,0,0,2,0,0,0.000,0.000,0,0.000
15,0,Red,IC-X5,Interceptor,0,0,1,1.000,1.000,1.000,1.000,4,4,196,2,0,2,0,0,2,0,0,0.000,0.000,0,0.000
15,1,Blue,BB-01,Battleship,1,0,0,0.000,0.000,0.000,0.000,2,2,718,24,18,0,0,0,0,0,0,11242.267,1507.518,1,0.000
15,1,Blue,DD-11,Escort,0,0,1,1.000,1.000,1.000,1.000,0,0,640,16,14,0,0,0,0,0,0,0.000,0.000,0,0.000
15,1,Blue,DD-12,Escort,0,0,1,1.000,1.000,1.000,1.000,0,0,640,16,12,0,0,0,0,0,0,0.000,0.000,1,0.000
15,1,Blue,DD-31,Escort,0,1,0,0.000,0.333,0.000,0.000,24,14,616,16,13,0,0,0,0,0,0,963.258,1240.210,7,0.000
15,1,Blue,DD-32,Escort,0,1,0,0.000,0.316,0.000,0.000,30,26,610,16,14,0,0,0,0,0,0,1420.537,1273.155,6,0.000
15,1,Blue,DD-33,Escort,0,0,1,0.000,0.468,0.500,0.000,28,19,612,16,14,0,0,0,0,0,0,414.583,990.099,6,0.000
15,1,Blue,DD-34,Escort,0,1,0,0.000,0.391,0.000,0.000,62,44,578,16,12,0,0,0,0,0,0,925.025,1133.148,4,0.005
15,1,Blue,IC-21,Interceptor,0,0,1,1.000,1.000,1.000,1.000,0,0,200,0,0,4,0,0,2,0,0,0.000,0.000,0,0.000
15,1,Blue,IC-22,Interceptor,0,0,1,1.000,1.000,1.000,1.000,0,0,200,0,0,4,0,0,2,0,0,0.000,0.000,0,0.000
15,1,Blue,IC-23,Interceptor,0,0,1,1.000,1.000,1.000,1.000,0,0,200,0,0,4,0,0,2,0,0,0.000,0.000,0,0.000
15,1,Blue,IC-24,Interceptor,0,0,1,1.000,1.000,1.000,1.000,0,0,200,0,0,4,0,0,2,0,0,0.000,0.000,0,0.000
15,1,Blue,IC-25,Interceptor,0,0,1,1.000,1.000,1.000,1.000,0,0,200,0,0,4,0,0,2,0,0,0.000,0.000,0,0.000
15,1,Red,BB-X1,Battleship,0,0,1,0.917,0.748,1.000,0.821,68,58,652,24,19,0,0,0,0,0,0,13549.287,1101.888,34,0.000
15,1,Red,DD-X1,Escort,0,0,1,1.000,1.000,1.000,1.000,0,0,640,16,13,0,0,0,0,0,0,0.000,0.000,0,0.000
15,1,Red,DD-X2,Escort,0,0,1,1.000,1.000,1.000,1.000,0,0,640,16,13,0,0,0,0,0,0,0.000,0.000,0,0.000
15,1,Red,DD-X3,Escort,0,0,1,1.000,1.000,1.000,1.000,108,100,532,16,15,0,0,0,0,0,0,0.000,0.000,22,0.044
15,1,Red,DD-X4,Escort,0,1,0,0.500,0.581,0.000,0.298,8,8,632,16,15,0,0,0,0,0,0,574.708,778.438,2,1.250
15,1,Red,DD-X5,Escort,0,0,1,0.000,0.365,0.000,0.000,38,38,602,16,15,0,0,0,0,0,0,738.316,1181.485,5,0.139
15,1,Red,DD-X6,Escort,0,1,0,0.000,0.585,0.000,0.000,0,0,640,16,15,0,0,0,0,0,0,724.947,772.440,0,0.000
15,1,Red,IC-X1,Interceptor,0,0,1,1.000,1.000,1.000,1.000,10,5,190,4,0,0,0,0,2,0,0,0.000,0.000,0,0.000
15,1,Red,IC-X2,Interceptor,0,0,1,1.000,1.000,1.000,1.000,9,5,191,4,1,0,0,0,2,0,0,0.000,0.000,0,0.000
15,1,Red,IC-X3,Interceptor,0,0,1,1.000,1.000,1.000,1.000,8,6,192,4,2,0,0,0,2,0,0,0.000,0.000,0,0.000
15,1,Red,IC-X4,Interceptor,0,0,1,1.000,1.000,1.000,1.000,7,6,193,3,1,1,0,0,2,0,0,0.000,0.000,3,0.000
15,1,Red,IC-X5,Interceptor,0,0,1,1.000,1.000,1.000,1.000,8,5,192,4,1,0,0,0,2,0,0,0.000,0.000,0,0.000
16,0,Blue,BB-01,Battleship,0,0,1,0.500,0.603,0.500,0.167,44,44,676,24,20,0,0,0,0,0,0,10103.484,1735.961,7,0.000
16,0,Blue,DD-11,Escort,0,0,1,1.000,1.000,1.000,1.000,0,0,640,16,15,0,0,0,0,0,0,0.000,0.000,0,0.000
16,0,Blue,DD-12,Escort,0,0,1,1.000,1.000,1.000,1.000,0,0,640,16,13,0,0,0,0,0,0,0.000,0.000,0,0.000
16,0,Blue,DD-31,Escort,0,0,1,1.000,0.961,1.000,1.000,164,86,476,16,10,0,0,0,0,0,0,400.000,72.568,19,0.027
16,0,Blue,DD-32,Escort,0,1,0,0.000,0.211,0.000,0.000,66,38,574,16,12,0,0,0,0,0,0,892.130,1468.466,23,0.313
16,0,Blue,DD-33,Escort,0,1,0,0.000,0.345,0.000,0.000,42,17,598,16,13,0,0,0,0,0,0,1735.913,1218.514,2,0.587
16,0,Blue,DD-34,Escort,0,0,1,0.000,0.674,0.000,0.497,144,79,496,16,11,0,0,0,0,0,0,400.000,605.603,14,0.521
16,0,Blue,IC-21,Interceptor,0,0,1,1.000,1.000,1.000,1.000,133,122,67,4,0,0,0,0,2,0,0,40.000,0.000,4,0.008
16,0,Blue,IC-22,Interceptor,0,0,1,1.000,1.000,1.000,1.000,161,148,39,4,1,0,0,0,2,0,0,131.767,0.000,4,0.000
16,0,Blue,IC-23,Interceptor,0,0,1,1.000,1.000,1.000,1.000,133,130,67,4,4,0,0,0,2,0,0,60.000,0.000,2,0.000
16,0,Blue,IC-24,Interceptor,0,0,1,1.000,0.996,1.000,1.000,133,125,67,4,0,0,1,0,1,0,0,120.000,2.955,4,0.000
16,0,Blue,IC-25,Interceptor,0,0,1,1.000,0.987,1.000,1.000,113,111,87,4,1,0,1,0,1,0,0,120.000,10.853,3,0.187
16,0,Red,BB-X1,Battleship,0,1,0,0.000,0.480,0.000,0.000,10,10,710,24,16,0,0,0,0,0,0,13694.299,2273.260,7,0.000
16,0,Red,DD-X1,Escort,0,1,0,0.000,0.646,0.000,0.000,0,0,640,16,15,0,0,0,0,0,0,800.000,659.315,0,0.495
16,0,Red,DD-X2,Escort,0,1,0,0.000,0.413,0.000,0.000,0,0,640,16,14,0,0,0,0,0,0,400.000,1091.786,0,0.040
16,0,Red,DD-X3,Escort,0,1,0,0.000,0.239,0.000,0.000,38,6,602,16,15,0,0,0,0,0,0,600.000,1415.177,0,0.540
16,0,Red,DD-X4,Escort,0,1,0,0.000,0.218,0.000,0.000,38,9,602,16,14,0,0,0,0,0,0,518.956,1454.743,1,0.000
16,0,Red,DD-X5,Escort,1,0,0,0.000,0.000,0.000,0.000,98,59,542,16,13,0,0,0,0,0,0,403.398,984.770,18,0.047
16,0,Red,DD-X6,Escort,0,1,0,0.000,0.302,0.000,0.000,64,26,576,16,14,0,0,0,0,0,0,1668.124,1298.401,0,0.266
16,0,Red,IC-X1,Interceptor,0,0,1,1.000,1.000,1.000,1.000,25,23,175,4,3,0,1,1,1,0,0,100.000,0.000,3,0.000
16,0,Red,IC-X2,Interceptor,0,0,1,1.000,1.000,1.000,1.000,47,46,153,4,2,0,2,2,0,0,0,0.000,0.000,1,0.000
16,0,Red,IC-X3,Interceptor,0,0,1,1.000,1.000,1.000,1.000,105,104,95,4,2,0,2,2,0,0,0,160.000,0.000,2,0.000
16,0,Red,IC-X4,Interceptor,0,0,1,1.000,1.000,1.000,1.000,45,42,155,4,3,0,1,0,1,0,0,0.000,0.000,1,0.000
16,0,Red,IC-X5,Interceptor,0,0,1,1.000,1.000,1.000,1.000,51,49,149,4,2,0,2,2,0,0,0,0.000,0.000,4,0.005
16,1,Blue,BB-01,Battleship,0,0,1,0.101,0.494,0.500,0.000,14,14,706,24,16,0,0,0,0,0,0,7275.017,2212.705,9,0.000
16,1,Blue,DD-11,Escort,0,0,1,1.000,1.000,1.000,1.000,2,0,638,16,14,0,0,0,0,0,0,0.000,0.000,0,0.004
16,1,Blue,DD-12,Escort,0,0,1,1.000,1.000,1.000,1.000,0,0,640,16,14,0,0,0,0,0,0,0.000,0.000,0,0.000
16,1,Blue,DD-31,Escort,0,1,0,0.000,0.170,0.000,0.000,0,0,640,15,14,1,0,0,0,0,0,400.000,1544.086,0,0.000
16,1,Blue,DD-32,Escort,1,0,0,0.000,0.000,0.000,0.000,40,24,600,16,14,0,0,0,0,0,0,400.000,1053.370,7,0.000
16,1,Blue,DD-33,Escort,1,0,0,0.000,0.000,0.000,0.000,48,30,592,16,15,0,0,0,0,0,0,647.040,1803.295,8,0.227
16,1,Blue,DD-34,Escort,0,1,0,0.000,0.132,0.000,0.000,10,10,630,16,13,0,0,0,0,0,0,465.473,1613.815,7,0.844
16,1,Blue,IC-21,Interceptor,0,0,1,0.500,1.000,1.000,1.000,70,70,130,4,2,0,2,0,0,0,0,80.000,0.000,4,0.000
16,1,Blue,IC-22,Interceptor,0,0,1,1.000,1.000,1.000,1.000,33,31,167,4,2,0,2,0,0,0,0,120.000,0.000,3,0.013
16,1,Blue,IC-23,Interceptor,0,0,1,0.000,0.984,1.000,0.787,63,63,137,4,2,0,2,1,0,0,0,167.367,13.440,8,0.000
16,1,Blue,IC-24,Interceptor,0,0,1,1.000,1.000,1.000,1.000,65,64,135,4,2,0,2,2,0,0,0,80.000,0.000,2,0.001
16,1,Blue,IC-25,Interceptor,0,0,1,1.000,1.000,1.000,1.000,39,37,161,4,3,0,2,0,0,0,0,120.000,0.000,6,0.077
16,1,Red,BB-X1,Battleship,0,1,0,0.000,0.456,0.000,0.000,18,13,702,24,19,0,0,0,0,0,0,10452.146,2378.589,5,0.000
16,1,Red,DD-X1,Escort,0,0,1,1.000,0.946,0.500,1.000,28,28,612,16,13,0,0,0,0,0,0,427.125,100.000,9,0.000
16,1,Red,DD-X2,Escort,0,1,0,0.000,0.500,0.000,0.000,20,15,620,16,16,0,0,0,0,0,0,892.122,929.696,1,0.184
16,1,Red,DD-X3,Escort,0,1,0,0.000,0.425,0.000,0.000,154,122,486,16,13,0,0,0,0,0,0,830.771,1070.115,13,0.425
16,1,Red,DD-X4,Escort,0,0,1,1.000,1.000,1.000,1.000,172,134,468,16,16,0,0,0,0,0,0,0.000,0.000,30,0.056
16,1,Red,DD-X5,Escort,0,0,1,1.000,0.661,0.000,0.500,140,90,500,16,12,0,0,0,0,0,0,765.071,630.000,6,0.000
16,1,Red,DD-X6,Escort,1,0,0,0.000,0.000,0.000,0.000,0,0,640,16,11,0,0,0,0,0,0,1205.771,1617.128,2,0.204
16,1,Red,IC-X1,Interceptor,0,0,1,1.000,1.000,1.000,1.000,154,154,46,4,4,0,0,0,2,0,0,0.000,0.000,1,0.000
16,1,Red,IC-X2,Interceptor,0,0,1,1.000,1.000,1.000,1.000,149,142,51,4,2,0,0,0,2,0,0,0.000,0.000,1,0.000
16,1,Red,IC-X3,Interceptor,0,0,1,1.000,1.000,1.000,1.000,98,96,102,4,4,0,2,2,0,0,0,0.000,0.000,5,0.000
16,1,Red,IC-X4,Interceptor,0,0,1,1.000,1.000,1.000,1.000,152,152,48,4,4,0,0,0,2,0,0,0.000,0.000,0,0.000
16,1,Red,IC-X5,Interceptor,0,0,1,1.000,1.000,1.000,1.000,150,140,50,4,3,0,0,0,2,0,0,0.000,0.000,2,0.000
17,0,Blue,BB-01,Battleship,1,0,0,0.000,0.000,0.000,0.000,20,15,700,24,17,0,0,0,0,0,0,11117.010,2131.775,2,0.000
17,0,Blue,DD-11,Escort,0,0,1,1.000,1.000,1.000,1.000,0,0,640,16,14,0,0,0,0,0,0,0.000,0.000,0,0.000
17,0,Blue,DD-12,Escort,0,0,1,1.000,1.000,1.000,1.000,0,0,640,16,13,0,0,0,0,0,0,0.000,0.000,0,0.000
17,0,Blue,DD-31,Escort,0,1,0,0.000,0.799,0.000,0.000,0,0,640,16,14,0,0,0,0,0,0,400.000,374.632,0,0.000
17,0,Blue,DD-32,Escort,1,0,0,0.000,0.000,0.000,0.000,0,0,640,16,14,0,0,0,0,0,0,400.000,653.864,2,0.000
17,0,Blue,DD-33,Escort,0,0,1,0.000,0.731,0.500,0.489,0,0,640,16,14,0,0,0,0,0,0,400.000,500.445,1,0.000
17,0,Blue,DD-34,Escort,0,1,0,0.000,0.591,0.000,0.000,0,0,640,16,15,0,0,0,0,0,0,1020.474,760.000,0,0.000
17,0,Blue,IC-21,Interceptor,0,0,1,1.000,1.000,1.000,1.000,0,0,200,0,0,4,0,0,2,0,0,0.000,0.000,0,0.000
17,0,Blue,IC-22,Interceptor,0,0,1,1.000,1.000,1.000,1.000,0,0,200,0,0,4,0,0,2,0,0,0.000,0.000,0,0.000
17,0,Blue,IC-23,Interceptor,0,0,1,1.000,1.000,1.000,1.000,0,0,200,0,0,4,0,0,2,0,0,0.000,0.000,0,0.000
17,0,Blue,IC-24,Interceptor,0,0,1,1.000,1.000,1.000,1.000,0,0,200,0,0,4,0,0,2,0,0,0.000,0.000,0,0.000
17,0,Blue,IC-25,Interceptor,0,0,1,1.000,1.000,1.000,1.000,0,0,200,0,0,4,0,0,2,0,0,0.000,0.000,0,0.000
17,0,Red,BB-X1,Battleship,0,0,1,0.000,0.682,0.500,0.177,22,22,698,24,15,0,0,0,0,0,0,11510.919,1388.572,24,0.032
17,0,Red,DD-X1,Escort,0,0,1,1.000,1.000,1.000,1.000,0,0,640,16,14,0,0,0,0,0,0,0.000,0.000,0,0.000
17,0,Red,DD-X2,Escort,0,0,1,1.000,1.000,1.000,1.000,0,0,640,16,14,0,0,0,0,0,0,0.000,0.000,0,0.000
17,0,Red,DD-X3,Escort,0,0,1,1.000,1.000,1.000,1.000,44,40,596,16,10,0,0,0,0,0,0,400.000,0.000,7,0.000
17,0,Red,DD-X4,Escort,0,0,1,1.000,1.000,1.000,1.000,44,40,596,16,14,0,0,0,0,0,0,0.000,0.000,5,0.000
17,0,Red,DD-X5,Escort,0,0,1,0.500,0.926,0.500,0.432,20,20,620,16,12,0,0,0,0,0,0,400.000,137.641,21,0.197
17,0,Red,DD-X6,Escort,0,0,1,1.000,1.000,1.000,1.000,40,36,600,16,13,0,0,0,0,0,0,0.000,0.000,0,0.000
17,0,Red,IC-X1,Interceptor,0,0,1,1.000,1.000,1.000,1.000,0,0,200,0,0,4,0,0,2,0,0,0.000,0.000,0,0.000
17,0,Red,IC-X2,Interceptor,0,0,1,1.000,1.000,1.000,1.000,0,0,200,0,0,4,0,0,2,0,0,0.000,0.000,0,0.000
17,0,Red,IC-X3,Interceptor,0,0,1,1.000,1.000,1.000,1.000,0,0,200,0,0,4,0,0,2,0,0,0.000,0.000,0,0.000
17,0,Red,IC-X4,Interceptor,0,0,1,1.000,1.000,1.000,1.000,0,0,200,0,0,4,0,0,2,0,0,0.000,0.000,0,0.000
17,0,Red,IC-X5,Interceptor,0,0,1,1.000,1.000,1.000,1.000,0,0,200,0,0,4,0,0,2,0,0,0.000,0.000,0,0.000
17,1,Blue,BB-01,Battleship,0,0,1,0.500,0.763,0.500,0.581,54,34,666,24,13,0,0,0,0,0,0,10936.454,1036.071,30,0.047
17,1,Blue,DD-11,Escort,0,0,1,1.000,1.000,1.000,1.000,0,0,640,16,13,0,0,0,0,0,0,0.000,0.000,0,0.000
17,1,Blue,DD-12,Escort,0,0,1,1.000,1.000,1.000,1.000,0,0,640,16,12,0,0,0,0,0,0,0.000,0.000,0,0.000
17,1,Blue,DD-31,Escort,0,0,1,0.051,0.957,0.500,0.500,36,32,604,16,12,0,0,0,0,0,0,1000.000,80.000,4,0.392
17,1,Blue,DD-32,Escort,0,0,1,1.000,0.940,1.000,0.618,46,34,594,16,12,0,0,0,0,0,0,400.000,110.866,7,0.092
17,1,Blue,DD-33,Escort,0,0,1,1.000,1.000,1.000,1.000,54,30,586,16,12,0,0,0,0,0,0,0.000,0.000,7,0.172
17,1,Blue,DD-34,Escort,0,1,0,0.000,0.815,0.000,0.000,12,10,628,16,12,0,0,0,0,0,0,600.000,343.726,1,0.188
17,1,Blue,IC-21,Interceptor,0,0,1,1.000,1.000,1.000,1.000,0,0,200,0,0,4,0,0,2,0,0,0.000,0.000,0,0.000
17,1,Blue,IC-22,Interceptor,0,0,1,1.000,1.000,1.000,1.000,0,0,200,0,0,4,0,0,2,0,0,0.000,0.000,0,0.000
17,1,Blue,IC-23,Interceptor,0,0,1,1.000,1.000,1.000,1.000,0,0,200,0,0,4,0,0,2,0,0,0.000,0.000,0,0.000
17,1,Blue,IC-24,Interceptor,0,0,1,1.000,1.000,1.000,1.000,0,0,200,0,0,4,0,0,2,0,0,0.000,0.000,0,0.000
17,1,Blue,IC-25,Interceptor,0,0,1,1.000,1.000,1.000,1.000,0,0,200,0,0,4,0,0,2,0,0,0.000,0.000,0,0.000
17,1,Red,BB-X1,Battleship,1,0,0,0.000,0.000,0.000,0.000,0,0,720,22,19,2,0,0,0,0,0,8255.840,831.351,1,0.000
17,1,Red,DD-X1,Escort,0,0,1,1.000,1.000,1.000,1.000,0,0,640,16,12,0,0,0,0,0,0,0.000,0.000,1,0.000
17,1,Red,DD-X2,Escort,0,0,1,1.000,1.000,1.000,1.000,0,0,640,16,10,0,0,0,0,0,0,0.000,0.000,1,0.000
17,1,Red,DD-X3,Escort,0,0,1,0.026,0.596,0.500,0.000,10,4,630,16,12,0,0,0,0,0,0,1270.050,752.185,1,0.000
17,1,Red,DD-X4,Escort,0,1,0,0.000,0.516,0.000,0.000,0,0,640,16,14,0,0,0,0,0,0,894.954,900.701,0,0.000
17,1,Red,DD-X5,Escort,0,1,0,0.000,0.367,0.000,0.000,4,1,636,16,12,0,0,0,0,0,0,742.249,1177.018,0,0.000
17,1,Red,DD-X6,Escort,0,1,0,0.000,0.618,0.000,0.000,4,3,636,16,11,0,0,0,0,0,0,532.648,711.192,1,0.000
17,1,Red,IC-X1,Interceptor,0,0,1,1.000,1.000,1.000,1.000,0,0,200,0,0,4,0,0,2,0,0,0.000,0.000,0,0.000
17,1,Red,IC-X2,Interceptor,0,0,1,1.000,1.000,1.000,1.000,0,0,200,0,0,4,0,0,2,0,0,0.000,0.000,0,0.000
17,1,Red,IC-X3,Interceptor,0,0,1,1.000,1.000,1.000,1.000,0,0,200,0,0,4,0,0,2,0,0,0.000,0.000,0,0.000
17,1,Red,IC-X4,Interceptor,0,0,1,1.000,1.000,1.000,1.000,0,0,200,0,0,4,0,0,2,0,0,0.000,0.000,0,0.000
17,1,Red,IC-X5,Interceptor,0,0,1,1.000,1.000,1.000,1.000,0,0,200,0,0,4,0,0,2,0,0,0.000,0.000,0,0.000
18,0,Blue,BB-01,Battleship,0,0,1,0.982,0.642,1.000,0.172,26,25,694,24,16,0,0,0,0,0,0,9898.229,1564.527,16,0.000
18,0,Blue,DD-11,Escort,0,0,1,1.000,1.000,1.000,1.000,0,0,640,16,14,0,0,0,0,0,0,0.000,0.000,1,0.000
18,0,Blue,DD-12,Escort,0,0,1,1.000,1.000,1.000,1.000,0,0,640,16,13,0,0,0,0,0,0,0.000,0.000,0,0.000
18,0,Blue,DD-31,Escort,0,0,1,1.000,0.976,1.000,1.000,44,26,596,16,15,0,0,0,0,0,0,400.000,44.595,19,0.071
18,0,Blue,DD-32,Escort,0,0,1,1.000,1.000,1.000,1.000,44,33,596,16,14,0,0,0,0,0,0,0.000,0.000,2,0.000
18,0,Blue,DD-33,Escort,0,0,1,1.000,1.000,1.000,1.000,44,28,596,16,14,0,0,0,0,0,0,0.000,0.000,5,0.000
18,0,Blue,DD-34,Escort,0,0,1,1.000,1.000,1.000,1.000,44,30,596,16,13,0,0,0,0,0,0,0.000,0.000,5,0.000
18,0,Blue,IC-21,Interceptor,0,0,1,1.000,1.000,1.000,1.000,3,2,197,2,0,2,0,0,2,0,0,0.000,0.000,1,0.000
18,0,Blue,IC-22,Interceptor,0,0,1,1.000,1.000,1.000,1.000,0,0,200,2,0,2,0,0,2,0,0,0.000,0.000,0,0.000
18,0,Blue,IC-23,Interceptor,0,0,1,1.000,1.000,1.000,1.000,3,3,197,2,0,2,0,0,2,0,0,0.000,0.000,1,0.000
18,0,Blue,IC-24,Interceptor,0,0,1,1.000,1.000,1.000,1.000,1,0,199,2,1,2,0,0,2,0,0,0.000,0.000,1,0.006
18,0,Blue,IC-25,Interceptor,0,0,1,1.000,1.000,1.000,1.000,5,5,195,2,0,2,0,0,2,0,0,0.000,0.000,0,0.000
18,0,Red,BB-X1,Battleship,0,1,0,0.000,0.319,0.000,0.000,10,10,710,24,15,0,0,0,0,0,0,10546.552,2973.957,4,0.075
18,0,Red,DD-X1,Escort,0,0,1,1.000,1.000,1.000,1.000,0,0,640,16,14,0,0,0,0,0,0,0.000,0.000,0,0.000
18,0,Red,DD-X2,Escort,0,0,1,1.000,1.000,1.000,1.000,0,0,640,16,14,0,0,0,0,0,0,0.000,0.000,0,0.000
18,0,Red,DD-X3,Escort,0,1,0,0.000,0.719,0.000,0.000,0,0,640,16,15,0,0,0,0,0,0,485.748,522.192,0,0.000
18,0,Red,DD-X4,Escort,0,1,0,0.000,0.355,0.000,0.000,0,0,640,16,16,0,0,0,0,0,0,529.115,1200.295,0,0.000
18,0,Red,DD-X5,Escort,0,0,1,0.003,0.828,0.000,1.000,8,4,632,16,16,0,0,0,0,0,0,800.000,320.796,0,0.000
18,0,Red,DD-X6,Escort,1,0,0,0.000,0.000,0.000,0.000,0,0,640,16,15,0,0,0,0,0,0,470.276,698.505,0,0.000
18,0,Red,IC-X1,Interceptor,0,0,1,1.000,1.000,1.000,1.000,0,0,200,0,0,4,0,0,2,0,0,0.000,0.000,0,0.000
18,0,Red,IC-X2,Interceptor,0,0,1,1.000,1.000,1.000,1.000,0,0,200,0,0,4,0,0,2,0,0,0.000,0.000,0,0.000
18,0,Red,IC-X3,Interceptor,0,0,1,1.000,1.000,1.000,1.000,0,0,200,0,0,4,0,0,2,0,0,0.000,0.000,0,0.000
18,0,Red,IC-X4,Interceptor,0,0,1,1.000,1.000,1.000,1.000,0,0,200,0,0,4,0,0,2,0,0,0.000,0.000,0,0.000
18,0,Red,IC-X5,Interceptor,0,0,1,1.000,1.000,1.000,1.000,0,0,200,0,0,4,0,0,2,0,0,0.000,0.000,0,0.000
18,1,Blue,BB-01,Battleship,0,0,1,0.500,0.718,0.420,0.272,28,28,692,24,19,0,0,0,0,0,0,11549.868,1233.377,31,0.000
18,1,Blue,DD-11,Escort,0,0,1,1.000,1.000,1.000,1.000,0,0,640,16,15,0,0,0,0,0,0,0.000,0.000,0,0.000
18,1,Blue,DD-12,Escort,0,0,1,1.000,1.000,1.000,1.000,0,0,640,16,11,0,0,0,0,0,0,0.000,0.000,0,0.000
18,1,Blue,DD-31,Escort,0,0,1,0.000,0.782,0.500,0.500,64,49,576,16,14,0,0,0,0,0,0,400.000,405.134,5,0.133
18,1,Blue,DD-32,Escort,0,1,0,0.000,0.724,0.000,0.000,60,22,580,16,14,0,0,0,0,0,0,400.000,512.822,5,0.000
18,1,Blue,DD-33,Escort,0,1,0,0.000,0.366,0.000,0.000,46,32,594,16,16,0,0,0,0,0,0,400.000,1179.372,1,0.000
18,1,Blue,DD-34,Escort,0,0,1,0.004,1.000,1.000,1.000,92,69,548,16,15,0,0,0,0,0,0,400.000,0.000,20,0.027
18,1,Blue,IC-21,Interceptor,0,0,1,1.000,1.000,1.000,1.000,0,0,200,0,0,4,0,0,2,0,0,0.000,0.000,0,0.000
18,1,Blue,IC-22,Interceptor,0,0,1,1.000,1.000,1.000,1.000,0,0,200,0,0,4,0,0,2,0,0,0.000,0.000,0,0.000
18,1,Blue,IC-23,Interceptor,0,0,1,1.000,1.000,1.000,1.000,0,0,200,0,0,4,0,0,2,0,0,0.000,0.000,0,0.000
18,1,Blue,IC-24,Interceptor,0,0,1,1.000,1.000,1.000,1.000,0,0,200,0,0,4,0,0,2,0,0,0.000,0.000,0,0.000
18,1,Blue,IC-25,Interceptor,0,0,1,1.000,1.000,1.000,1.000,0,0,200,0,0,4,0,0,2,0,0,0.000,0.000,0,0.000
18,1,Red,BB-X1,Battleship,0,1,0,0.000,0.324,0.000,0.000,14,8,706,24,17,0,0,0,0,0,0,14888.929,2952.052,1,0.000
18,1,Red,DD-X1,Escort,0,0,1,1.000,1.000,1.000,1.000,0,0,640,16,15,0,0,0,0,0,0,0.000,0.000,0,0.000
18,1,Red,DD-X2,Escort,0,0,1,1.000,1.000,1.000,1.000,0,0,640,16,14,0,0,0,0,0,0,0.000,0.000,1,0.000
18,1,Red,DD-X3,Escort,1,0,0,0.000,0.000,0.000,0.000,40,34,600,16,13,0,0,0,0,0,0,796.772,280.000,11,0.399
18,1,Red,DD-X4,Escort,0,0,1,1.000,1.000,1.000,1.000,46,41,594,16,13,0,0,0,0,0,0,0.000,0.000,7,0.000
18,1,Red,DD-X5,Escort,0,1,0,0.000,0.199,0.000,0.000,0,0,640,16,16,0,0,0,0,0,0,1172.871,1490.000,0,0.000
18,1,Red,DD-X6,Escort,0,1,0,0.000,0.108,0.000,0.000,4,4,636,16,14,0,0,0,0,0,0,600.000,1660.000,2,0.113
18,1,Red,IC-X1,Interceptor,0,0,1,1.000,1.000,1.000,1.000,1,1,199,0,0,4,0,0,2,0,0,0.000,0.000,0,0.000
18,1,Red,IC-X2,Interceptor,0,0,1,1.000,1.000,1.000,1.000,2,2,198,0,0,4,0,0,2,0,0,0.000,0.000,0,0.000
18,1,Red,IC-X3,Interceptor,0,0,1,1.000,1.000,1.000,1.000,0,0,200,0,0,4,0,0,2,0,0,0.000,0.000,0,0.000
18,1,Red,IC-X4,Interceptor,0,0,1,1.000,1.000,1.000,1.000,2,2,198,0,0,4,0,0,2,0,0,0.000,0.000,0,0.000
18,1,Red,IC-X5,Interceptor,0,0,1,1.000,1.000,1.000,1.000,0,0,200,0,0,4,0,0,2,0,0,0.000,0.000,0,0.000
19,0,Blue,BB-01,Battleship,0,1,0,0.000,0.348,0.000,0.000,18,18,702,24,17,0,0,0,0,0,0,13525.042,2848.257,9,0.000
19,0,Blue,DD-11,Escort,0,0,1,1.000,1.000,1.000,1.000,0,0,640,16,10,0,0,0,0,0,0,0.000,0.000,0,0.000
19,0,Blue,DD-12,Escort,0,0,1,1.000,1.000,1.000,1.000,0,0,640,16,13,0,0,0,0,0,0,0.000,0.000,0,0.000
19,0,Blue,DD-31,Escort,0,1,0,0.000,0.251,0.000,0.000,100,86,540,16,10,0,0,0,0,0,0,400.000,1393.343,8,0.000
19,0,Blue,DD-32,Escort,0,1,0,0.000,0.424,0.000,0.000,38,28,602,16,11,0,0,0,0,0,0,649.524,1070.686,4,0.536
19,0,Blue,DD-33,Escort,0,1,0,0.000,0.561,0.000,0.000,34,28,606,16,11,0,0,0,0,0,0,457.990,816.892,4,0.018
19,0,Blue,DD-34,Escort,0,1,0,0.000,0.363,0.000,0.000,66,46,574,16,12,0,0,0,0,0,0,400.000,1184.728,7,0.000
19,0,Blue,IC-21,Interceptor,0,0,1,1.000,1.000,1.000,1.000,74,71,126,4,3,0,2,2,0,0,0,40.000,0.000,8,0.010
19,0,Blue,IC-22,Interceptor,0,0,1,0.667,1.000,1.000,1.000,80,77,120,4,3,0,2,2,0,0,0,40.000,0.000,6,0.008
19,0,Blue,IC-23,Interceptor,0,0,1,1.000,1.000,1.000,1.000,69,68,131,4,4,0,2,2,0,0,0,0.000,0.000,2,0.000
19,0,Blue,IC-24,Interceptor,0,0,1,1.000,1.000,1.000,1.000,15,11,185,4,2,0,2,2,0,0,0,20.000,0.000,0,0.000
19,0,Blue,IC-25,Interceptor,0,0,1,1.000,0.990,1.000,1.000,70,68,130,4,3,0,0,0,2,0,0,123.300,8.570,3,0.006
19,0,Red,BB-X1,Battleship,0,0,1,0.500,0.422,0.448,0.101,30,30,690,24,21,0,0,0,0,0,0,13900.913,2525.578,9,1.250
19,0,Red,DD-X1,Escort,0,0,1,1.000,1.000,1.000,1.000,0,0,640,16,13,0,0,0,0,0,0,0.000,0.000,0,0.000
19,0,Red,DD-X2,Escort,0,0,1,1.000,1.000,1.000,1.000,0,0,640,16,13,0,0,0,0,0,0,0.000,0.000,0,0.000
19,0,Red,DD-X3,Escort,0,1,0,0.500,0.439,0.000,0.000,14,11,626,16,12,0,0,0,0,0,0,410.500,1044.039,2,1.250
19,0,Red,DD-X4,Escort,0,1,0,0.000,0.281,0.000,0.000,0,0,640,16,13,0,0,0,0,0,0,800.000,1336.558,0,0.000
19,0,Red,DD-X5,Escort,0,1,0,0.000,0.247,0.000,0.000,0,0,640,16,14,0,0,0,0,0,0,898.341,1400.000,0,0.079
19,0,Red,DD-X6,Escort,0,0,1,0.000,0.608,0.000,0.495,164,158,476,16,14,0,0,0,0,0,0,650.000,728.510,36,0.428
19,0,Red,IC-X1,Interceptor,0,0,1,1.000,1.000,1.000,1.000,30,30,170,4,4,0,2,2,0,0,0,0.000,0.000,2,0.000
19,0,Red,IC-X2,Interceptor,0,0,1,1.000,1.000,1.000,1.000,39,37,161,4,4,0,0,0,2,0,0,0.000,0.000,0,0.000
19,0,Red,IC-X3,Interceptor,0,0,1,1.000,1.000,1.000,1.000,47,47,153,4,4,0,0,0,2,0,0,0.000,0.000,0,0.000
19,0,Red,IC-X4,Interceptor,0,0,1,1.000,1.000,1.000,1.000,39,39,161,4,4,0,0,0,2,0,0,0.000,0.000,3,0.000
19,0,Red,IC-X5,Interceptor,0,0,1,1.000,1.000,1.000,1.000,47,47,153,4,4,0,0,0,2,0,0,0.000,0.000,0,0.000
19,1,Blue,BB-01,Battleship,0,0,1,0.287,0.628,0.931,0.169,20,20,700,24,17,0,0,0,0,0,0,14654.926,1627.563,15,0.000
19,1,Blue,DD-11,Escort,0,0,1,1.000,1.000,1.000,1.000,0,0,640,16,13,0,0,0,0,0,0,0.000,0.000,0,0.000
19,1,Blue,DD-12,Escort,0,0,1,1.000,1.000,1.000,1.000,0,0,640,16,14,0,0,0,0,0,0,0.000,0.000,0,0.000
19,1,Blue,DD-31,Escort,0,0,1,1.000,1.000,1.000,1.000,78,66,562,16,15,0,0,0,0,0,0,0.000,0.000,17,0.076
19,1,Blue,DD-32,Escort,0,0,1,1.000,1.000,1.000,1.000,48,32,592,16,15,0,0,0,0,0,0,0.000,0.000,3,0.117
19,1,Blue,DD-33,Escort,0,0,1,0.401,0.755,0.000,0.500,36,27,604,16,16,0,0,0,0,0,0,400.000,455.273,4,0.000
19,1,Blue,DD-34,Escort,0,0,1,1.000,1.000,1.000,1.000,44,30,596,16,14,0,0,0,0,0,0,0.000,0.000,4,0.042
19,1,Blue,IC-21,Interceptor,0,0,1,1.000,1.000,1.000,1.000,0,0,200,4,0,0,0,0,2,0,0,0.000,0.000,0,0.000
19,1,Blue,IC-22,Interceptor,0,0,1,1.000,1.000,1.000,1.000,0,0,200,4,0,0,0,0,2,0,0,0.000,0.000,0,0.000
19,1,Blue,IC-23,Interceptor,0,0,1,1.000,1.000,1.000,1.000,0,0,200,1,0,3,0,0,2,0,0,0.000,0.000,0,0.000
19,1,Blue,IC-24,Interceptor,0,0,1,1.000,1.000,1.000,1.000,0,0,200,4,0,0,0,0,2,0,0,0.000,0.000,0,0.000
19,1,Blue,IC-25,Interceptor,0,0,1,1.000,1.000,1.000,1.000,0,0,200,4,0,0,0,0,2,0,0,0.000,0.000,0,0.000
19,1,Red,BB-X1,Battleship,0,1,0,0.000,0.348,0.000,0.000,18,10,702,24,18,0,0,0,0,0,0,12775.669,2848.458,4,0.000
19,1,Red,DD-X1,Escort,0,0,1,1.000,1.000,1.000,1.000,0,0,640,16,14,0,0,0,0,0,0,0.000,0.000,0,0.007
19,1,Red,DD-X2,Escort,0,0,1,1.000,1.000,1.000,1.000,0,0,640,16,14,0,0,0,0,0,0,0.000,0.000,0,0.000
19,1,Red,DD-X3,Escort,0,0,1,0.000,0.523,0.500,0.095,12,12,628,16,15,0,0,0,0,0,0,980.163,887.251,2,0.000
19,1,Red,DD-X4,Escort,0,1,0,0.000,0.326,0.000,0.000,0,0,640,16,15,0,0,0,0,0,0,400.000,1253.347,0,0.000
19,1,Red,DD-X5,Escort,0,1,0,0.000,0.732,0.000,0.000,10,4,630,16,14,0,0,0,0,0,0,600.000,499.081,1,0.156
19,1,Red,DD-X6,Escort,0,1,0,0.000,0.362,0.000,0.000,0,0,640,16,15,0,0,0,0,0,0,901.428,1186.752,0,0.286
19,1,Red,IC-X1,Interceptor,0,0,1,1.000,1.000,1.000,1.000,0,0,200,0,0,4,0,0,2,0,0,0.000,0.000,0,0.000
19,1,Red,IC-X2,Interceptor,0,0,1,1.000,1.000,1.000,1.000,0,0,200,0,0,4,0,0,2,0,0,0.000,0.000,0,0.000
19,1,Red,IC-X3,Interceptor,0,0,1,1.000,1.000,1.000,1.000,0,0,200,0,0,4,0,0,2,0,0,0.000,0.000,0,0.000
19,1,Red,IC-X4,Interceptor,0,0,1,1.000,1.000,1.000,1.000,0,0,200,0,0,4,0,0,2,0,0,0.000,0.000,0,0.000
19,1,Red,IC-X5,Interceptor,0,0,1,1.000,1.000,1.000,1.000,0,0,200,0,0,4,0,0,2,0,0,0.000,0.000,0,0.000
