"Variant","File","Sha256"
"baseline","src\Sim\Antimatter.cs","6621A3A366B8C5275B48BB53231D39FAE4361BB82020FBB9D2FF0F4649475477"
"baseline","src\Sim\Antimatter.cs.uid","A2DEA79BB6A8CDC11ADDCBDFE950E2B0CCD1B83E005783B1AC56697CD9BE012E"
"baseline","src\Sim\AntimatterAI.cs","8B263393EE4731705FAF710C21E6D43F4E958090E123F52804CA18739785681C"
"baseline","src\Sim\AntimatterAI.cs.uid","5AD3DE8A521B29F1DD9D0B1EAAF8F4B99FC7EE76AAE38E67439F9D7FADE0E123"
"baseline","src\Sim\AssaultGuidance.cs","99CED624705D5F3F41F015EE6F6693311010110EE047237319555A7F1F57F2C2"
"baseline","src\Sim\AssaultGuidance.cs.uid","A625BD783E88186DBB10581AFBE1C803C3837CCB958A3BE26FF0F02EB1C18D85"
"baseline","src\Sim\BattleLog.cs","4010F8AFC67F56CD8589CC58EC6E7C907D6862CEEE3B0042F2FB914CC07EAFEC"
"baseline","src\Sim\BattleLog.cs.uid","A51060D63B996ADD4E855B1F72B6986C9C49CC1498692A78DA86F414EEFE8B9F"
"baseline","src\Sim\BattleRules.cs","26CADFE1AF6A1175819715F797C0F7AAA1224CD338EAEC09E12DC5841D2B2589"
"baseline","src\Sim\BattleRules.cs.uid","46D622BF484128F2B50811F964FEF221DA5924BBD658D984A09D14CCA15595DE"
"baseline","src\Sim\BattleSetup.cs","466A21EAB905CC1C0BA027B667FFF4D4E0032F8A394150C27680303DB46FC225"
"baseline","src\Sim\BattleSetup.cs.uid","E295CD86994C3216EE90C4A9D998F1B77E9175A19E4A2A7B76251613D0418F4D"
"baseline","src\Sim\CollisionDamage.cs","D45B2ED8E8CC1108AB9791BAC8F783748982325B57A4A51ACA88EC00A79F9C49"
"baseline","src\Sim\CollisionDamage.cs.uid","80FD0E3C9026CE0347E0CB230FB365F3D4DBFF11151FDA0DDBA844451F45D6E5"
"baseline","src\Sim\CollisionHull.cs","55379D77F39FC551D5BF341AEA3BD3B50226B4467D40870A365B83EC6DA019D9"
"baseline","src\Sim\CollisionHull.cs.uid","F3E7D3BBD07C8A57921F2C4A1AA001643C7E48076582C488052D12E36A4F96F8"
"baseline","src\Sim\DamageRay.cs","CC7677E3C03B6A348D91A204D4AEBCDA13927CCB5344AD79D60E3522C8E7767F"
"baseline","src\Sim\DamageRay.cs.uid","A6BE095E4A12823A6556D23A785EEE1BC47F0E0C71F278D3EFD3FACA6FAE3CBC"
"baseline","src\Sim\DefenseDrones.cs","0EC935F544C92CC6340189E8A3640EEF2C8381B5769AF59AA21C4BC41F50F447"
"baseline","src\Sim\DefenseDrones.cs.uid","5B50AC5624C26D1BF00DEAB05AD7211FCD10B988E63C1E834BAA523661A411A1"
"baseline","src\Sim\FireControl.cs","E7D821B46C3C246662C3757A8E8D699014AF83D7ABE3047C55AE505F951DBEEF"
"baseline","src\Sim\FireControl.cs.uid","E77D4ABB9F7C35480280B816BD2569576244EC06C98EA6547021EBAF22558709"
"baseline","src\Sim\FleetDoctrine.cs","63B80479D717F96A64C3753E9219E8A32C6447940F9F686E73BCFC59B0188FDD"
"baseline","src\Sim\FleetDoctrine.cs.uid","03F12E5C09C4D629D51DE78904927DD65BF212DB7F58D18B1BE0C1C7104798BB"
"baseline","src\Sim\Gunnery.cs","24525FB036B0885B5C7083A6F8BAD0DA72A4AB712F127E3DE6526507BB79EDE9"
"baseline","src\Sim\Gunnery.cs.uid","13E4905A1A1599554CA5F1C1390CF146F752651352748F76E6B33127847EE288"
"baseline","src\Sim\Missiles.cs","BB8CE93E0156238C8306F3426D56C74053568C6C1693B24258B4D54857F825DB"
"baseline","src\Sim\Missiles.cs.uid","308EB6232D09A1C46E9FE72CCB137B12D7A19954A8BD70900A4B4399837BAC68"
"baseline","src\Sim\PowerPresets.cs","440E4616095A552B0CC273803A38B689795B3A0B00232919520C72E61F6DB9F3"
"baseline","src\Sim\PowerPresets.cs.uid","9C74ACB47A7DC090792E1F39D0AB36EE6082FC48F00D156BC89FB80ECE046007"
"baseline","src\Sim\Railgun.cs","0B609E152D8D18365C967CDC0F0979B7551F7E379B5C5FB2B8D2A3D528086357"
"baseline","src\Sim\Railgun.cs.uid","559B75DA72A008F5B06DB916A46ED654EFCE98BBC13AECBE0B58CFC605EE7765"
"baseline","src\Sim\SensorNet.cs","BC9AFA2DA40D7BF7369196B6D4E19D51B3E05E1EF00D4228FBB595621F08A9E7"
"baseline","src\Sim\SensorNet.cs.uid","8F7EF5D8D10F1247153CD84E154E4B8F39D94E4F62C4CA38E1C6EFBBD3F67A46"
"baseline","src\Sim\ShipAI.cs","C14F106C603A1B646E672F7A25ECB9B79FA5D0CB1016FD8D878B98901194ECE5"
"baseline","src\Sim\ShipAI.cs.uid","6BB66B0D7A03F7F7A103B3E149A98083F8F0BC537D4663A7BF7D0799C54B5985"
"baseline","src\Sim\ShipBody.cs","0837CCBDD36A3BD4435150A6DB3A9A83E9F78B933B817D33C98C34CBF951F135"
"baseline","src\Sim\ShipBody.cs.uid","F0FB2F182D24BAFD4A395CD307B8C65BEBF6AB2C29F3E1C03ACF763371E63E64"
"baseline","src\Sim\ShipClass.cs","EC988A34B729A6E1DFF29C270918255FA46A5833A1911B573D5E32D745103DB5"
"baseline","src\Sim\ShipClass.cs.uid","1EE7D41A26522E9B76EF561AC7EA1D10ED8A2D2A2A3EDFC8DFFD8712C06C04C3"
"baseline","src\Sim\ShipCollision.cs","6BFE0FD0678661FF3365FADD86172FFAC14EC6A8ED5557EAD4BD0D5E489CC83C"
"baseline","src\Sim\ShipCollision.cs.uid","A3678631DCF423BF67177E090471B4FFCB4B8F27046E47F484A3805FEB1149DD"
"baseline","src\Sim\ShipDamage.cs","CF0F9BE4B676275C9F725FCA6AA74D32564F1D2838308ACB487EBCB1B8222C10"
"baseline","src\Sim\ShipDamage.cs.uid","DB9759724339D6907A28A59F70B9E226D1C08F799319EC47F88566514CB91424"
"baseline","src\Sim\ShipDefinition.cs","70A89B8C654793F5D48A3C72AB7CD9BECBABB66665D22A9FCCC1771F0560022B"
"baseline","src\Sim\ShipDefinition.cs.uid","E1819E8819E4A7E9EE4DA26CA9BC70D711A99C871EABB3EB6A4200B41337E639"
"baseline","src\Sim\ShipPower.cs","C8C590B86CCB9E003BA3EA0186FD310DF1638D865F77E7391C957E3E8EC39B0C"
"baseline","src\Sim\ShipPower.cs.uid","D6957A6BC6BE204C059D956A37188B7EE7B7E12FA4CAEC6361490439CB2473BC"
"baseline","src\Sim\SimAI.cs","0A98F57427FA92436A0DAC0A3659036D2C3BB699BD7A713031B0ECD8FFD31A56"
"baseline","src\Sim\SimAI.cs.uid","2B0451F286E2EDD7D6D7A02B3141F2754B50859799B8403407C912C8BC0C0F24"
"baseline","src\Sim\SimBallistics.cs","BE592C9652EA93FB783CBB353B998B18A8300BA852312FE5C0FCB8C5FD0D426F"
"baseline","src\Sim\SimBallistics.cs.uid","8B657B44C56CD1629FDEC3FA28BF0E825F427B9B18D84B94A00980C9BBFF7C3F"
"baseline","src\Sim\SimMissiles.cs","581E6131DA0F9B5FBD80C5EE5EC2F4C6A321BA08F8D468892ECB7431C38DCE14"
"baseline","src\Sim\SimMissiles.cs.uid","549665362C944FA65C4213741122D32339BACEFA00E75275D31B43657EE09440"
"baseline","src\Sim\SimWorld.cs","BF7773BC1D76B1EFF1FCFE4033BBAD2E01297A81A9340209646AE560CC6B52CF"
"baseline","src\Sim\SimWorld.cs.uid","69AE4A8ABB795B5AE575A468BE7D6702351DE6E2C90C975E85422C1264E7402E"
"baseline","src\Sim\SquadCommands.cs","7FD6120EC2389283DE1E260FCDF41DB6180B4DEE3BEBFF32EABB2C35B6B8287A"
"baseline","src\Sim\SquadCommands.cs.uid","D16BCBA64BB4E64F16412FDAD63581E13B6BA106CC2EC57F96C584D68BFE147F"
"baseline","src\Sim\Squadron.cs","54D80426AD2853AE078FB95E127A16E70317A764A9F07D9F4D9F34668C7F7CEB"
"baseline","src\Sim\Squadron.cs.uid","0F0059F4DE3D7B9FEE788CC8CF4F450E8094A72B971AAE1E4E0F792C496432EE"
"baseline","src\Sim\Subsystems.cs","ED05E4BA81912BF7BBB98FC016C138FACD13923B568E0C81582D727D02347B13"
"baseline","src\Sim\Subsystems.cs.uid","82AE48C224CDF0FBEEF7FB589A3DC462C39AB1BFD5764645A9EFA1766FA9B67B"
"baseline","src\Sim\Turret.cs","4EDE701686C52FE92FDB2A31F93738E00A456F63519A5714FAE3E794352946CB"
"baseline","src\Sim\Turret.cs.uid","B3526BF62B1574B3939BE7D5C2921547DB90213464DDC7EF3408881BCCB9E0F3"
"baseline","src\Sim\Vec3d.cs","C2405F25964B1DD1AB1A6B7F19314D6F85D6E4E88006B888F7849807641369E0"
"baseline","src\Sim\Vec3d.cs.uid","41C6BDF70F229A2393ACCE2354C222954FA8F7F6281DD6659CD0031F3C39CEEE"
"baseline","data\ships\battleship.json","2EBA9145C21A785F6EC7917BB28A162384928D0B8AE7CC4E56A5F5F1305794BB"
"baseline","data\ships\escort.json","CC126D7F757E334CECE9A21CA088E30B9B631E98C0F264DC9B5A5BA150CE79F6"
"baseline","data\ships\interceptor.json","9180D23095D92929B4C7667E199A266FB3FFF0794FB4DCFD7267B6A8F65F7553"
"baseline","Program.cs","DBE1F4B4B0F42196FC07AE2035C0371FE0931FAB489C58ABA9CDF405F621D8B2"
"guns_only","src\Sim\Antimatter.cs","6621A3A366B8C5275B48BB53231D39FAE4361BB82020FBB9D2FF0F4649475477"
"guns_only","src\Sim\Antimatter.cs.uid","A2DEA79BB6A8CDC11ADDCBDFE950E2B0CCD1B83E005783B1AC56697CD9BE012E"
"guns_only","src\Sim\AntimatterAI.cs","8B263393EE4731705FAF710C21E6D43F4E958090E123F52804CA18739785681C"
"guns_only","src\Sim\AntimatterAI.cs.uid","5AD3DE8A521B29F1DD9D0B1EAAF8F4B99FC7EE76AAE38E67439F9D7FADE0E123"
"guns_only","src\Sim\AssaultGuidance.cs","99CED624705D5F3F41F015EE6F6693311010110EE047237319555A7F1F57F2C2"
"guns_only","src\Sim\AssaultGuidance.cs.uid","A625BD783E88186DBB10581AFBE1C803C3837CCB958A3BE26FF0F02EB1C18D85"
"guns_only","src\Sim\BattleLog.cs","4010F8AFC67F56CD8589CC58EC6E7C907D6862CEEE3B0042F2FB914CC07EAFEC"
"guns_only","src\Sim\BattleLog.cs.uid","A51060D63B996ADD4E855B1F72B6986C9C49CC1498692A78DA86F414EEFE8B9F"
"guns_only","src\Sim\BattleRules.cs","26CADFE1AF6A1175819715F797C0F7AAA1224CD338EAEC09E12DC5841D2B2589"
"guns_only","src\Sim\BattleRules.cs.uid","46D622BF484128F2B50811F964FEF221DA5924BBD658D984A09D14CCA15595DE"
"guns_only","src\Sim\BattleSetup.cs","466A21EAB905CC1C0BA027B667FFF4D4E0032F8A394150C27680303DB46FC225"
"guns_only","src\Sim\BattleSetup.cs.uid","E295CD86994C3216EE90C4A9D998F1B77E9175A19E4A2A7B76251613D0418F4D"
"guns_only","src\Sim\CollisionDamage.cs","D45B2ED8E8CC1108AB9791BAC8F783748982325B57A4A51ACA88EC00A79F9C49"
"guns_only","src\Sim\CollisionDamage.cs.uid","80FD0E3C9026CE0347E0CB230FB365F3D4DBFF11151FDA0DDBA844451F45D6E5"
"guns_only","src\Sim\CollisionHull.cs","55379D77F39FC551D5BF341AEA3BD3B50226B4467D40870A365B83EC6DA019D9"
"guns_only","src\Sim\CollisionHull.cs.uid","F3E7D3BBD07C8A57921F2C4A1AA001643C7E48076582C488052D12E36A4F96F8"
"guns_only","src\Sim\DamageRay.cs","CC7677E3C03B6A348D91A204D4AEBCDA13927CCB5344AD79D60E3522C8E7767F"
"guns_only","src\Sim\DamageRay.cs.uid","A6BE095E4A12823A6556D23A785EEE1BC47F0E0C71F278D3EFD3FACA6FAE3CBC"
"guns_only","src\Sim\DefenseDrones.cs","0EC935F544C92CC6340189E8A3640EEF2C8381B5769AF59AA21C4BC41F50F447"
"guns_only","src\Sim\DefenseDrones.cs.uid","5B50AC5624C26D1BF00DEAB05AD7211FCD10B988E63C1E834BAA523661A411A1"
"guns_only","src\Sim\FireControl.cs","E7D821B46C3C246662C3757A8E8D699014AF83D7ABE3047C55AE505F951DBEEF"
"guns_only","src\Sim\FireControl.cs.uid","E77D4ABB9F7C35480280B816BD2569576244EC06C98EA6547021EBAF22558709"
"guns_only","src\Sim\FleetDoctrine.cs","63B80479D717F96A64C3753E9219E8A32C6447940F9F686E73BCFC59B0188FDD"
"guns_only","src\Sim\FleetDoctrine.cs.uid","03F12E5C09C4D629D51DE78904927DD65BF212DB7F58D18B1BE0C1C7104798BB"
"guns_only","src\Sim\Gunnery.cs","1D02924AB0E1C18E2B9CED4451256F8CE3FD874B7CFDED4E74722C6559DC981C"
"guns_only","src\Sim\Gunnery.cs.uid","13E4905A1A1599554CA5F1C1390CF146F752651352748F76E6B33127847EE288"
"guns_only","src\Sim\Missiles.cs","BB8CE93E0156238C8306F3426D56C74053568C6C1693B24258B4D54857F825DB"
"guns_only","src\Sim\Missiles.cs.uid","308EB6232D09A1C46E9FE72CCB137B12D7A19954A8BD70900A4B4399837BAC68"
"guns_only","src\Sim\PowerPresets.cs","440E4616095A552B0CC273803A38B689795B3A0B00232919520C72E61F6DB9F3"
"guns_only","src\Sim\PowerPresets.cs.uid","9C74ACB47A7DC090792E1F39D0AB36EE6082FC48F00D156BC89FB80ECE046007"
"guns_only","src\Sim\Railgun.cs","A29E5F74BACF5CDAD9E13308A1C734921CD75BEB611DED2F2EE2583966EF066B"
"guns_only","src\Sim\Railgun.cs.uid","559B75DA72A008F5B06DB916A46ED654EFCE98BBC13AECBE0B58CFC605EE7765"
"guns_only","src\Sim\SensorNet.cs","BC9AFA2DA40D7BF7369196B6D4E19D51B3E05E1EF00D4228FBB595621F08A9E7"
"guns_only","src\Sim\SensorNet.cs.uid","8F7EF5D8D10F1247153CD84E154E4B8F39D94E4F62C4CA38E1C6EFBBD3F67A46"
"guns_only","src\Sim\ShipAI.cs","C14F106C603A1B646E672F7A25ECB9B79FA5D0CB1016FD8D878B98901194ECE5"
"guns_only","src\Sim\ShipAI.cs.uid","6BB66B0D7A03F7F7A103B3E149A98083F8F0BC537D4663A7BF7D0799C54B5985"
"guns_only","src\Sim\ShipBody.cs","0837CCBDD36A3BD4435150A6DB3A9A83E9F78B933B817D33C98C34CBF951F135"
"guns_only","src\Sim\ShipBody.cs.uid","F0FB2F182D24BAFD4A395CD307B8C65BEBF6AB2C29F3E1C03ACF763371E63E64"
"guns_only","src\Sim\ShipClass.cs","EC988A34B729A6E1DFF29C270918255FA46A5833A1911B573D5E32D745103DB5"
"guns_only","src\Sim\ShipClass.cs.uid","1EE7D41A26522E9B76EF561AC7EA1D10ED8A2D2A2A3EDFC8DFFD8712C06C04C3"
"guns_only","src\Sim\ShipCollision.cs","6BFE0FD0678661FF3365FADD86172FFAC14EC6A8ED5557EAD4BD0D5E489CC83C"
"guns_only","src\Sim\ShipCollision.cs.uid","A3678631DCF423BF67177E090471B4FFCB4B8F27046E47F484A3805FEB1149DD"
"guns_only","src\Sim\ShipDamage.cs","CF0F9BE4B676275C9F725FCA6AA74D32564F1D2838308ACB487EBCB1B8222C10"
"guns_only","src\Sim\ShipDamage.cs.uid","DB9759724339D6907A28A59F70B9E226D1C08F799319EC47F88566514CB91424"
"guns_only","src\Sim\ShipDefinition.cs","70A89B8C654793F5D48A3C72AB7CD9BECBABB66665D22A9FCCC1771F0560022B"
"guns_only","src\Sim\ShipDefinition.cs.uid","E1819E8819E4A7E9EE4DA26CA9BC70D711A99C871EABB3EB6A4200B41337E639"
"guns_only","src\Sim\ShipPower.cs","C8C590B86CCB9E003BA3EA0186FD310DF1638D865F77E7391C957E3E8EC39B0C"
"guns_only","src\Sim\ShipPower.cs.uid","D6957A6BC6BE204C059D956A37188B7EE7B7E12FA4CAEC6361490439CB2473BC"
"guns_only","src\Sim\SimAI.cs","0A98F57427FA92436A0DAC0A3659036D2C3BB699BD7A713031B0ECD8FFD31A56"
"guns_only","src\Sim\SimAI.cs.uid","2B0451F286E2EDD7D6D7A02B3141F2754B50859799B8403407C912C8BC0C0F24"
"guns_only","src\Sim\SimBallistics.cs","CC921CA700D594D88DBF5A35F95FB77BE66955C965AC71435120CEBC32DC34FD"
"guns_only","src\Sim\SimBallistics.cs.uid","8B657B44C56CD1629FDEC3FA28BF0E825F427B9B18D84B94A00980C9BBFF7C3F"
"guns_only","src\Sim\SimMissiles.cs","581E6131DA0F9B5FBD80C5EE5EC2F4C6A321BA08F8D468892ECB7431C38DCE14"
"guns_only","src\Sim\SimMissiles.cs.uid","549665362C944FA65C4213741122D32339BACEFA00E75275D31B43657EE09440"
"guns_only","src\Sim\SimWorld.cs","BF7773BC1D76B1EFF1FCFE4033BBAD2E01297A81A9340209646AE560CC6B52CF"
"guns_only","src\Sim\SimWorld.cs.uid","69AE4A8ABB795B5AE575A468BE7D6702351DE6E2C90C975E85422C1264E7402E"
"guns_only","src\Sim\SquadCommands.cs","7FD6120EC2389283DE1E260FCDF41DB6180B4DEE3BEBFF32EABB2C35B6B8287A"
"guns_only","src\Sim\SquadCommands.cs.uid","D16BCBA64BB4E64F16412FDAD63581E13B6BA106CC2EC57F96C584D68BFE147F"
"guns_only","src\Sim\Squadron.cs","54D80426AD2853AE078FB95E127A16E70317A764A9F07D9F4D9F34668C7F7CEB"
"guns_only","src\Sim\Squadron.cs.uid","0F0059F4DE3D7B9FEE788CC8CF4F450E8094A72B971AAE1E4E0F792C496432EE"
"guns_only","src\Sim\Subsystems.cs","ED05E4BA81912BF7BBB98FC016C138FACD13923B568E0C81582D727D02347B13"
"guns_only","src\Sim\Subsystems.cs.uid","82AE48C224CDF0FBEEF7FB589A3DC462C39AB1BFD5764645A9EFA1766FA9B67B"
"guns_only","src\Sim\Turret.cs","4EDE701686C52FE92FDB2A31F93738E00A456F63519A5714FAE3E794352946CB"
"guns_only","src\Sim\Turret.cs.uid","B3526BF62B1574B3939BE7D5C2921547DB90213464DDC7EF3408881BCCB9E0F3"
"guns_only","src\Sim\Vec3d.cs","C2405F25964B1DD1AB1A6B7F19314D6F85D6E4E88006B888F7849807641369E0"
"guns_only","src\Sim\Vec3d.cs.uid","41C6BDF70F229A2393ACCE2354C222954FA8F7F6281DD6659CD0031F3C39CEEE"
"guns_only","data\ships\battleship.json","730A238DC3C6C6C73A527400A5DED96866F60D9840B0CE5B65653A52C212C3B2"
"guns_only","data\ships\escort.json","42B48C2A87867D6E5544A57382D3CB41074688B5CAFFB3F2EB763EB953D77047"
"guns_only","data\ships\interceptor.json","9180D23095D92929B4C7667E199A266FB3FFF0794FB4DCFD7267B6A8F65F7553"
"guns_only","Program.cs","DBE1F4B4B0F42196FC07AE2035C0371FE0931FAB489C58ABA9CDF405F621D8B2"
"pd_only","src\Sim\Antimatter.cs","6621A3A366B8C5275B48BB53231D39FAE4361BB82020FBB9D2FF0F4649475477"
"pd_only","src\Sim\Antimatter.cs.uid","A2DEA79BB6A8CDC11ADDCBDFE950E2B0CCD1B83E005783B1AC56697CD9BE012E"
"pd_only","src\Sim\AntimatterAI.cs","8B263393EE4731705FAF710C21E6D43F4E958090E123F52804CA18739785681C"
"pd_only","src\Sim\AntimatterAI.cs.uid","5AD3DE8A521B29F1DD9D0B1EAAF8F4B99FC7EE76AAE38E67439F9D7FADE0E123"
"pd_only","src\Sim\AssaultGuidance.cs","99CED624705D5F3F41F015EE6F6693311010110EE047237319555A7F1F57F2C2"
"pd_only","src\Sim\AssaultGuidance.cs.uid","A625BD783E88186DBB10581AFBE1C803C3837CCB958A3BE26FF0F02EB1C18D85"
"pd_only","src\Sim\BattleLog.cs","4010F8AFC67F56CD8589CC58EC6E7C907D6862CEEE3B0042F2FB914CC07EAFEC"
"pd_only","src\Sim\BattleLog.cs.uid","A51060D63B996ADD4E855B1F72B6986C9C49CC1498692A78DA86F414EEFE8B9F"
"pd_only","src\Sim\BattleRules.cs","26CADFE1AF6A1175819715F797C0F7AAA1224CD338EAEC09E12DC5841D2B2589"
"pd_only","src\Sim\BattleRules.cs.uid","46D622BF484128F2B50811F964FEF221DA5924BBD658D984A09D14CCA15595DE"
"pd_only","src\Sim\BattleSetup.cs","466A21EAB905CC1C0BA027B667FFF4D4E0032F8A394150C27680303DB46FC225"
"pd_only","src\Sim\BattleSetup.cs.uid","E295CD86994C3216EE90C4A9D998F1B77E9175A19E4A2A7B76251613D0418F4D"
"pd_only","src\Sim\CollisionDamage.cs","D45B2ED8E8CC1108AB9791BAC8F783748982325B57A4A51ACA88EC00A79F9C49"
"pd_only","src\Sim\CollisionDamage.cs.uid","80FD0E3C9026CE0347E0CB230FB365F3D4DBFF11151FDA0DDBA844451F45D6E5"
"pd_only","src\Sim\CollisionHull.cs","55379D77F39FC551D5BF341AEA3BD3B50226B4467D40870A365B83EC6DA019D9"
"pd_only","src\Sim\CollisionHull.cs.uid","F3E7D3BBD07C8A57921F2C4A1AA001643C7E48076582C488052D12E36A4F96F8"
"pd_only","src\Sim\DamageRay.cs","CC7677E3C03B6A348D91A204D4AEBCDA13927CCB5344AD79D60E3522C8E7767F"
"pd_only","src\Sim\DamageRay.cs.uid","A6BE095E4A12823A6556D23A785EEE1BC47F0E0C71F278D3EFD3FACA6FAE3CBC"
"pd_only","src\Sim\DefenseDrones.cs","0EC935F544C92CC6340189E8A3640EEF2C8381B5769AF59AA21C4BC41F50F447"
"pd_only","src\Sim\DefenseDrones.cs.uid","5B50AC5624C26D1BF00DEAB05AD7211FCD10B988E63C1E834BAA523661A411A1"
"pd_only","src\Sim\FireControl.cs","E7D821B46C3C246662C3757A8E8D699014AF83D7ABE3047C55AE505F951DBEEF"
"pd_only","src\Sim\FireControl.cs.uid","E77D4ABB9F7C35480280B816BD2569576244EC06C98EA6547021EBAF22558709"
"pd_only","src\Sim\FleetDoctrine.cs","63B80479D717F96A64C3753E9219E8A32C6447940F9F686E73BCFC59B0188FDD"
"pd_only","src\Sim\FleetDoctrine.cs.uid","03F12E5C09C4D629D51DE78904927DD65BF212DB7F58D18B1BE0C1C7104798BB"
"pd_only","src\Sim\Gunnery.cs","24525FB036B0885B5C7083A6F8BAD0DA72A4AB712F127E3DE6526507BB79EDE9"
"pd_only","src\Sim\Gunnery.cs.uid","13E4905A1A1599554CA5F1C1390CF146F752651352748F76E6B33127847EE288"
"pd_only","src\Sim\Missiles.cs","EE72905453C1F239B3536AC3C0DD2F0C296A9CFBEF068F03FF51D1466DA92E1E"
"pd_only","src\Sim\Missiles.cs.uid","308EB6232D09A1C46E9FE72CCB137B12D7A19954A8BD70900A4B4399837BAC68"
"pd_only","src\Sim\PointDefense.cs","B5398C80F8ECCA5D9393B353B95576417345AF19700AD24D999DA21D4BCAA6D3"
"pd_only","src\Sim\PointDefense.cs.uid","DEFEA916DF87CDA6B7C37D84000F4F704E328886FC98C8470208724A90F7D527"
"pd_only","src\Sim\PowerPresets.cs","440E4616095A552B0CC273803A38B689795B3A0B00232919520C72E61F6DB9F3"
"pd_only","src\Sim\PowerPresets.cs.uid","9C74ACB47A7DC090792E1F39D0AB36EE6082FC48F00D156BC89FB80ECE046007"
"pd_only","src\Sim\Railgun.cs","0B609E152D8D18365C967CDC0F0979B7551F7E379B5C5FB2B8D2A3D528086357"
"pd_only","src\Sim\Railgun.cs.uid","559B75DA72A008F5B06DB916A46ED654EFCE98BBC13AECBE0B58CFC605EE7765"
"pd_only","src\Sim\SensorNet.cs","BC9AFA2DA40D7BF7369196B6D4E19D51B3E05E1EF00D4228FBB595621F08A9E7"
"pd_only","src\Sim\SensorNet.cs.uid","8F7EF5D8D10F1247153CD84E154E4B8F39D94E4F62C4CA38E1C6EFBBD3F67A46"
"pd_only","src\Sim\ShipAI.cs","C14F106C603A1B646E672F7A25ECB9B79FA5D0CB1016FD8D878B98901194ECE5"
"pd_only","src\Sim\ShipAI.cs.uid","6BB66B0D7A03F7F7A103B3E149A98083F8F0BC537D4663A7BF7D0799C54B5985"
"pd_only","src\Sim\ShipBody.cs","0837CCBDD36A3BD4435150A6DB3A9A83E9F78B933B817D33C98C34CBF951F135"
"pd_only","src\Sim\ShipBody.cs.uid","F0FB2F182D24BAFD4A395CD307B8C65BEBF6AB2C29F3E1C03ACF763371E63E64"
"pd_only","src\Sim\ShipClass.cs","EC988A34B729A6E1DFF29C270918255FA46A5833A1911B573D5E32D745103DB5"
"pd_only","src\Sim\ShipClass.cs.uid","1EE7D41A26522E9B76EF561AC7EA1D10ED8A2D2A2A3EDFC8DFFD8712C06C04C3"
"pd_only","src\Sim\ShipCollision.cs","6BFE0FD0678661FF3365FADD86172FFAC14EC6A8ED5557EAD4BD0D5E489CC83C"
"pd_only","src\Sim\ShipCollision.cs.uid","A3678631DCF423BF67177E090471B4FFCB4B8F27046E47F484A3805FEB1149DD"
"pd_only","src\Sim\ShipDamage.cs","CF0F9BE4B676275C9F725FCA6AA74D32564F1D2838308ACB487EBCB1B8222C10"
"pd_only","src\Sim\ShipDamage.cs.uid","DB9759724339D6907A28A59F70B9E226D1C08F799319EC47F88566514CB91424"
"pd_only","src\Sim\ShipDefinition.cs","CC4070B50A6BAC7A821E86DA44A8539B460F52E6DC87951302F99B6204FD598A"
"pd_only","src\Sim\ShipDefinition.cs.uid","E1819E8819E4A7E9EE4DA26CA9BC70D711A99C871EABB3EB6A4200B41337E639"
"pd_only","src\Sim\ShipPower.cs","C8C590B86CCB9E003BA3EA0186FD310DF1638D865F77E7391C957E3E8EC39B0C"
"pd_only","src\Sim\ShipPower.cs.uid","D6957A6BC6BE204C059D956A37188B7EE7B7E12FA4CAEC6361490439CB2473BC"
"pd_only","src\Sim\SimAI.cs","0A98F57427FA92436A0DAC0A3659036D2C3BB699BD7A713031B0ECD8FFD31A56"
"pd_only","src\Sim\SimAI.cs.uid","2B0451F286E2EDD7D6D7A02B3141F2754B50859799B8403407C912C8BC0C0F24"
"pd_only","src\Sim\SimBallistics.cs","BE592C9652EA93FB783CBB353B998B18A8300BA852312FE5C0FCB8C5FD0D426F"
"pd_only","src\Sim\SimBallistics.cs.uid","8B657B44C56CD1629FDEC3FA28BF0E825F427B9B18D84B94A00980C9BBFF7C3F"
"pd_only","src\Sim\SimMissiles.cs","0831907F11FA13201CEA59D239B074E9C2022D8F3004A22E1BDE4EE822C89D7E"
"pd_only","src\Sim\SimMissiles.cs.uid","549665362C944FA65C4213741122D32339BACEFA00E75275D31B43657EE09440"
"pd_only","src\Sim\SimWorld.cs","1A24FE126FBE369EC294A99DD53F2EC5E622776A68DE209302A5AB8C0B484822"
"pd_only","src\Sim\SimWorld.cs.uid","69AE4A8ABB795B5AE575A468BE7D6702351DE6E2C90C975E85422C1264E7402E"
"pd_only","src\Sim\SquadCommands.cs","7FD6120EC2389283DE1E260FCDF41DB6180B4DEE3BEBFF32EABB2C35B6B8287A"
"pd_only","src\Sim\SquadCommands.cs.uid","D16BCBA64BB4E64F16412FDAD63581E13B6BA106CC2EC57F96C584D68BFE147F"
"pd_only","src\Sim\Squadron.cs","54D80426AD2853AE078FB95E127A16E70317A764A9F07D9F4D9F34668C7F7CEB"
"pd_only","src\Sim\Squadron.cs.uid","0F0059F4DE3D7B9FEE788CC8CF4F450E8094A72B971AAE1E4E0F792C496432EE"
"pd_only","src\Sim\Subsystems.cs","ED05E4BA81912BF7BBB98FC016C138FACD13923B568E0C81582D727D02347B13"
"pd_only","src\Sim\Subsystems.cs.uid","82AE48C224CDF0FBEEF7FB589A3DC462C39AB1BFD5764645A9EFA1766FA9B67B"
"pd_only","src\Sim\Turret.cs","4EDE701686C52FE92FDB2A31F93738E00A456F63519A5714FAE3E794352946CB"
"pd_only","src\Sim\Turret.cs.uid","B3526BF62B1574B3939BE7D5C2921547DB90213464DDC7EF3408881BCCB9E0F3"
"pd_only","src\Sim\Vec3d.cs","C2405F25964B1DD1AB1A6B7F19314D6F85D6E4E88006B888F7849807641369E0"
"pd_only","src\Sim\Vec3d.cs.uid","41C6BDF70F229A2393ACCE2354C222954FA8F7F6281DD6659CD0031F3C39CEEE"
"pd_only","data\ships\battleship.json","EBE8C9B1F86172F94E41AC43BF27FD618DE60015B12A2A613B55A698B4A6AE43"
"pd_only","data\ships\escort.json","A9B3D3D20FB3D33683256E4E7F94150672A780D2C833D980BE9FC4E12EB24BF1"
"pd_only","data\ships\interceptor.json","FA9FA7E3ABFF68EF9DD0E1571EC31EEC5BC2A7199A1F2FBA3E33CEEB60799CA5"
"pd_only","Program.cs","DBE1F4B4B0F42196FC07AE2035C0371FE0931FAB489C58ABA9CDF405F621D8B2"
"current","src\Sim\Antimatter.cs","6621A3A366B8C5275B48BB53231D39FAE4361BB82020FBB9D2FF0F4649475477"
"current","src\Sim\Antimatter.cs.uid","A2DEA79BB6A8CDC11ADDCBDFE950E2B0CCD1B83E005783B1AC56697CD9BE012E"
"current","src\Sim\AntimatterAI.cs","8B263393EE4731705FAF710C21E6D43F4E958090E123F52804CA18739785681C"
"current","src\Sim\AntimatterAI.cs.uid","5AD3DE8A521B29F1DD9D0B1EAAF8F4B99FC7EE76AAE38E67439F9D7FADE0E123"
"current","src\Sim\AssaultGuidance.cs","99CED624705D5F3F41F015EE6F6693311010110EE047237319555A7F1F57F2C2"
"current","src\Sim\AssaultGuidance.cs.uid","A625BD783E88186DBB10581AFBE1C803C3837CCB958A3BE26FF0F02EB1C18D85"
"current","src\Sim\BattleLog.cs","4010F8AFC67F56CD8589CC58EC6E7C907D6862CEEE3B0042F2FB914CC07EAFEC"
"current","src\Sim\BattleLog.cs.uid","A51060D63B996ADD4E855B1F72B6986C9C49CC1498692A78DA86F414EEFE8B9F"
"current","src\Sim\BattleRules.cs","26CADFE1AF6A1175819715F797C0F7AAA1224CD338EAEC09E12DC5841D2B2589"
"current","src\Sim\BattleRules.cs.uid","46D622BF484128F2B50811F964FEF221DA5924BBD658D984A09D14CCA15595DE"
"current","src\Sim\BattleSetup.cs","466A21EAB905CC1C0BA027B667FFF4D4E0032F8A394150C27680303DB46FC225"
"current","src\Sim\BattleSetup.cs.uid","E295CD86994C3216EE90C4A9D998F1B77E9175A19E4A2A7B76251613D0418F4D"
"current","src\Sim\CollisionDamage.cs","D45B2ED8E8CC1108AB9791BAC8F783748982325B57A4A51ACA88EC00A79F9C49"
"current","src\Sim\CollisionDamage.cs.uid","80FD0E3C9026CE0347E0CB230FB365F3D4DBFF11151FDA0DDBA844451F45D6E5"
"current","src\Sim\CollisionHull.cs","55379D77F39FC551D5BF341AEA3BD3B50226B4467D40870A365B83EC6DA019D9"
"current","src\Sim\CollisionHull.cs.uid","F3E7D3BBD07C8A57921F2C4A1AA001643C7E48076582C488052D12E36A4F96F8"
"current","src\Sim\DamageRay.cs","CC7677E3C03B6A348D91A204D4AEBCDA13927CCB5344AD79D60E3522C8E7767F"
"current","src\Sim\DamageRay.cs.uid","A6BE095E4A12823A6556D23A785EEE1BC47F0E0C71F278D3EFD3FACA6FAE3CBC"
"current","src\Sim\DefenseDrones.cs","0EC935F544C92CC6340189E8A3640EEF2C8381B5769AF59AA21C4BC41F50F447"
"current","src\Sim\DefenseDrones.cs.uid","5B50AC5624C26D1BF00DEAB05AD7211FCD10B988E63C1E834BAA523661A411A1"
"current","src\Sim\FireControl.cs","E7D821B46C3C246662C3757A8E8D699014AF83D7ABE3047C55AE505F951DBEEF"
"current","src\Sim\FireControl.cs.uid","E77D4ABB9F7C35480280B816BD2569576244EC06C98EA6547021EBAF22558709"
"current","src\Sim\FleetDoctrine.cs","63B80479D717F96A64C3753E9219E8A32C6447940F9F686E73BCFC59B0188FDD"
"current","src\Sim\FleetDoctrine.cs.uid","03F12E5C09C4D629D51DE78904927DD65BF212DB7F58D18B1BE0C1C7104798BB"
"current","src\Sim\Gunnery.cs","1D02924AB0E1C18E2B9CED4451256F8CE3FD874B7CFDED4E74722C6559DC981C"
"current","src\Sim\Gunnery.cs.uid","13E4905A1A1599554CA5F1C1390CF146F752651352748F76E6B33127847EE288"
"current","src\Sim\Missiles.cs","EE72905453C1F239B3536AC3C0DD2F0C296A9CFBEF068F03FF51D1466DA92E1E"
"current","src\Sim\Missiles.cs.uid","308EB6232D09A1C46E9FE72CCB137B12D7A19954A8BD70900A4B4399837BAC68"
"current","src\Sim\PointDefense.cs","B5398C80F8ECCA5D9393B353B95576417345AF19700AD24D999DA21D4BCAA6D3"
"current","src\Sim\PointDefense.cs.uid","DEFEA916DF87CDA6B7C37D84000F4F704E328886FC98C8470208724A90F7D527"
"current","src\Sim\PowerPresets.cs","440E4616095A552B0CC273803A38B689795B3A0B00232919520C72E61F6DB9F3"
"current","src\Sim\PowerPresets.cs.uid","9C74ACB47A7DC090792E1F39D0AB36EE6082FC48F00D156BC89FB80ECE046007"
"current","src\Sim\Railgun.cs","A29E5F74BACF5CDAD9E13308A1C734921CD75BEB611DED2F2EE2583966EF066B"
"current","src\Sim\Railgun.cs.uid","559B75DA72A008F5B06DB916A46ED654EFCE98BBC13AECBE0B58CFC605EE7765"
"current","src\Sim\SensorNet.cs","BC9AFA2DA40D7BF7369196B6D4E19D51B3E05E1EF00D4228FBB595621F08A9E7"
"current","src\Sim\SensorNet.cs.uid","8F7EF5D8D10F1247153CD84E154E4B8F39D94E4F62C4CA38E1C6EFBBD3F67A46"
"current","src\Sim\ShipAI.cs","C14F106C603A1B646E672F7A25ECB9B79FA5D0CB1016FD8D878B98901194ECE5"
"current","src\Sim\ShipAI.cs.uid","6BB66B0D7A03F7F7A103B3E149A98083F8F0BC537D4663A7BF7D0799C54B5985"
"current","src\Sim\ShipBody.cs","0837CCBDD36A3BD4435150A6DB3A9A83E9F78B933B817D33C98C34CBF951F135"
"current","src\Sim\ShipBody.cs.uid","F0FB2F182D24BAFD4A395CD307B8C65BEBF6AB2C29F3E1C03ACF763371E63E64"
"current","src\Sim\ShipClass.cs","EC988A34B729A6E1DFF29C270918255FA46A5833A1911B573D5E32D745103DB5"
"current","src\Sim\ShipClass.cs.uid","1EE7D41A26522E9B76EF561AC7EA1D10ED8A2D2A2A3EDFC8DFFD8712C06C04C3"
"current","src\Sim\ShipCollision.cs","6BFE0FD0678661FF3365FADD86172FFAC14EC6A8ED5557EAD4BD0D5E489CC83C"
"current","src\Sim\ShipCollision.cs.uid","A3678631DCF423BF67177E090471B4FFCB4B8F27046E47F484A3805FEB1149DD"
"current","src\Sim\ShipDamage.cs","CF0F9BE4B676275C9F725FCA6AA74D32564F1D2838308ACB487EBCB1B8222C10"
"current","src\Sim\ShipDamage.cs.uid","DB9759724339D6907A28A59F70B9E226D1C08F799319EC47F88566514CB91424"
"current","src\Sim\ShipDefinition.cs","CC4070B50A6BAC7A821E86DA44A8539B460F52E6DC87951302F99B6204FD598A"
"current","src\Sim\ShipDefinition.cs.uid","E1819E8819E4A7E9EE4DA26CA9BC70D711A99C871EABB3EB6A4200B41337E639"
"current","src\Sim\ShipPower.cs","C8C590B86CCB9E003BA3EA0186FD310DF1638D865F77E7391C957E3E8EC39B0C"
"current","src\Sim\ShipPower.cs.uid","D6957A6BC6BE204C059D956A37188B7EE7B7E12FA4CAEC6361490439CB2473BC"
"current","src\Sim\SimAI.cs","0A98F57427FA92436A0DAC0A3659036D2C3BB699BD7A713031B0ECD8FFD31A56"
"current","src\Sim\SimAI.cs.uid","2B0451F286E2EDD7D6D7A02B3141F2754B50859799B8403407C912C8BC0C0F24"
"current","src\Sim\SimBallistics.cs","CC921CA700D594D88DBF5A35F95FB77BE66955C965AC71435120CEBC32DC34FD"
"current","src\Sim\SimBallistics.cs.uid","8B657B44C56CD1629FDEC3FA28BF0E825F427B9B18D84B94A00980C9BBFF7C3F"
"current","src\Sim\SimMissiles.cs","0831907F11FA13201CEA59D239B074E9C2022D8F3004A22E1BDE4EE822C89D7E"
"current","src\Sim\SimMissiles.cs.uid","549665362C944FA65C4213741122D32339BACEFA00E75275D31B43657EE09440"
"current","src\Sim\SimWorld.cs","1A24FE126FBE369EC294A99DD53F2EC5E622776A68DE209302A5AB8C0B484822"
"current","src\Sim\SimWorld.cs.uid","69AE4A8ABB795B5AE575A468BE7D6702351DE6E2C90C975E85422C1264E7402E"
"current","src\Sim\SquadCommands.cs","7FD6120EC2389283DE1E260FCDF41DB6180B4DEE3BEBFF32EABB2C35B6B8287A"
"current","src\Sim\SquadCommands.cs.uid","D16BCBA64BB4E64F16412FDAD63581E13B6BA106CC2EC57F96C584D68BFE147F"
"current","src\Sim\Squadron.cs","54D80426AD2853AE078FB95E127A16E70317A764A9F07D9F4D9F34668C7F7CEB"
"current","src\Sim\Squadron.cs.uid","0F0059F4DE3D7B9FEE788CC8CF4F450E8094A72B971AAE1E4E0F792C496432EE"
"current","src\Sim\Subsystems.cs","ED05E4BA81912BF7BBB98FC016C138FACD13923B568E0C81582D727D02347B13"
"current","src\Sim\Subsystems.cs.uid","82AE48C224CDF0FBEEF7FB589A3DC462C39AB1BFD5764645A9EFA1766FA9B67B"
"current","src\Sim\Turret.cs","4EDE701686C52FE92FDB2A31F93738E00A456F63519A5714FAE3E794352946CB"
"current","src\Sim\Turret.cs.uid","B3526BF62B1574B3939BE7D5C2921547DB90213464DDC7EF3408881BCCB9E0F3"
"current","src\Sim\Vec3d.cs","C2405F25964B1DD1AB1A6B7F19314D6F85D6E4E88006B888F7849807641369E0"
"current","src\Sim\Vec3d.cs.uid","41C6BDF70F229A2393ACCE2354C222954FA8F7F6281DD6659CD0031F3C39CEEE"
"current","data\ships\battleship.json","730A238DC3C6C6C73A527400A5DED96866F60D9840B0CE5B65653A52C212C3B2"
"current","data\ships\escort.json","42B48C2A87867D6E5544A57382D3CB41074688B5CAFFB3F2EB763EB953D77047"
"current","data\ships\interceptor.json","FA9FA7E3ABFF68EF9DD0E1571EC31EEC5BC2A7199A1F2FBA3E33CEEB60799CA5"
"current","Program.cs","DBE1F4B4B0F42196FC07AE2035C0371FE0931FAB489C58ABA9CDF405F621D8B2"
